,NCT Number,DrugBank ID,SMILES
0,NCT02179671,DB00317,COC1=C(OCCCN2CCOCC2)C=C2C(NC3=CC(Cl)=C(F)C=C3)=NC=NC2=C1
1,NCT02179671,DB01248,[H][C@@]1(C[C@@]2(O)[C@@H](OC(=O)C3=CC=CC=C3)[C@]3([H])[C@@]4(CO[C@@H]4C[C@H](O)[C@@]3(C)C(=O)[C@H](O)C(=C1C)C2(C)C)OC(C)=O)OC(=O)[C@H](O)[C@@H](NC(=O)OC(C)(C)C)C1=CC=CC=C1
2,NCT02179671,DB11689,CN1C=NC2=C(F)C(NC3=C(Cl)C=C(Br)C=C3)=C(C=C12)C(=O)NOCCO
3,NCT02259114,DB15189,CC1=C(C)C2=C(S1)N1C(C)=NN=C1[C@H](CC(=O)NC1=CC=C(O)C=C1)N=C2C1=CC=C(Cl)C=C1
4,NCT02395601,DB14581,COC1=C(CNC(=O)C2=C(C)N([C@H](C)C3CCN(CC(F)(F)F)CC3)C3=CC=CC=C23)C(=O)NC(C)=C1
5,NCT03157310,DB00317,COC1=C(OCCCN2CCOCC2)C=C2C(NC3=CC(Cl)=C(F)C=C3)=NC=NC2=C1
6,NCT03722576,DB15446,COC1=CC(=CC=C1)C1=CC=C(NC(=O)C2=C(CCC2)C(O)=O)C(F)=C1
7,NCT01533181,DB06075,C[C@@]1(O)C[C@@H](C1)C1=NC(=C2N1C=CN=C2N)C1=CC=C2C=CC(=NC2=C1)C1=CC=CC=C1
8,NCT01533181,DB06016,CN(C)C(=O)N[C@H]1CC[C@H](CCN2CCN(CC2)C2=C(Cl)C(Cl)=CC=C2)CC1
9,NCT01533181,DB09069,COC1=C(OC)C(OC)=C(CN2CCNCC2)C=C1
10,NCT01533181,DB06261,[H]N([H])CC(=O)CCC(=O)OCCCCCC
11,NCT01533181,DB01030,CC[C@@]1(O)C(=O)OCC2=C1C=C1N(CC3=CC4=C(C=CC(O)=C4CN(C)C)N=C13)C2=O
12,NCT01533181,DB16619,[Mg++].Cl.N[C@@H](CC([O-])=O)C([O-])=O
13,NCT01533181,DB00387,OC(CCN1CCCC1)(C1CCCCC1)C1=CC=CC=C1
14,NCT01605526,DB12755,[H]OC[C@H](NC(=O)[C@H](CC1=CN([H])C2=C1C=CC=C2)NC(=O)[C@H](CC1=CN=CN1)NC(=O)[C@@H]1CCC(=O)N1)C(=O)N[C@@H](CC1=CC=C(O[H])C=C1)C(=O)N[C@H](CCCCNC(=O)CCCC(=O)OCC(=O)[C@@]1(O)C[C@H](O[C@@]2([H])C[C@H](N)[C@H](O)[C@H](C)O2)C2=C(O)C3=C(C(O)=C2C1)C(=O)C1=CC=CC(OC)=C1C3=O)C(=O)N[C@@H](CC(C)C)C(=O)N[C@@H](CCCNC(N)=N)C(=O)N1CCC[C@H]1C(=O)NCC(N)=O
15,NCT01605526,DB00997,COC1=CC=CC2=C1C(=O)C1=C(O)C3=C(C[C@](O)(C[C@@H]3O[C@H]3C[C@H](N)[C@H](O)[C@H](C)O3)C(=O)CO)C(O)=C1C2=O
16,NCT01605526,DB05706,COC1=C2C(=O)C3=C(O)C4=C(C[C@@](O)(CCO)C[C@@H]4O[C@H]4C[C@H](N)[C@H](O)[C@H](C)O4)C(O)=C3C(=O)C2=CC=C1
17,NCT01605526,DB06420,C[C@@H]1O[C@@H](O[C@H]2C[C@@](O)(CC3=C2C(O)=C2C(=O)C4=CC=CC=C4C(=O)C2=C3O)C(=O)CO)[C@H](I)[C@H](O)[C@H]1O
18,NCT01605526,DB06013,COC1=C2C(=O)C3=C(O)C4=C(C[C@](O)(C[C@@H]4O[C@H]4C[C@H](N)[C@H](O)[C@H](C)O4)C(\CO)=N\NC(=O)CCCCCN4C(=O)C=CC4=O)C(O)=C3C(=O)C2=CC=C1
19,NCT01605526,DB11616,[H][C@]1(N)C[C@]([H])(O[C@@]2([H])C[C@@](O)(CC3=C(O)C4=C(C(O)=C23)C(=O)C2=C(C=CC=C2OC)C4=O)C(=O)CO)O[C@@]([H])(C)[C@@]1([H])O[C@]1([H])CCCCO1
20,NCT02419417,DB15435,CN1N=NC(C)=C1C1=CC2=C(N=C1)C1=C(C=C(C=C1)C(C)(C)O)N2[C@@H](C1CCOCC1)C1=CC=CC=C1
21,NCT02777710,DB12978,FC(F)(F)C1=CC=C(CNC2=NC=C(CC3=CNC4=NC=C(Cl)C=C34)C=C2)C=N1
22,NCT00939770,DB08865,C[C@@H](OC1=CC(=CN=C1N)C1=CN(N=C1)C1CCNCC1)C1=C(Cl)C=CC(F)=C1Cl
23,NCT02806817,DB13062,CC1=C(O)C=CC2=C1OC[C@H]([C@H]2C1=CC=C(O)C=C1)C1=CC=C(O)C=C1
24,NCT03626415,DB14973,CCCS(=O)(=O)N[C@H]1C[C@H](C1)N(C)C1=C2C=CNC2=NC=N1
25,NCT02424617,DB00530,COCCOC1=CC2=C(C=C1OCCOC)C(NC1=CC(=CC=C1)C#C)=NC=N2
26,NCT02424617,DB12411,NC1=NC(NC2=CC=C3CC[C@@H](CCC3=C2)N2CCCC2)=NN1C1=CC2=C(N=N1)C1=CC=CC=C1CCC2
27,NCT01561456,DB01248,[H][C@@]1(C[C@@]2(O)[C@@H](OC(=O)C3=CC=CC=C3)[C@]3([H])[C@@]4(CO[C@@H]4C[C@H](O)[C@@]3(C)C(=O)[C@H](O)C(=C1C)C2(C)C)OC(C)=O)OC(=O)[C@H](O)[C@@H](NC(=O)OC(C)(C)C)C1=CC=CC=C1
28,NCT02935894,DB01050,CC(C)CC1=CC=C(C=C1)C(C)C(O)=O
29,NCT02935894,DB01085,CC[C@H]1[C@@H](CC2=CN=CN2C)COC1=O
30,NCT02935894,DB09213,CC(C)CC1=CC=C(C=C1)[C@H](C)C(O)=O
31,NCT04118842,DB01201,CO[C@H]1\C=C\O[C@@]2(C)OC3=C(C2=O)C2=C(C(O)=C3C)C(O)=C(NC(=O)\C(C)=C/C=C/[C@H](C)[C@H](O)[C@@H](C)[C@@H](O)[C@@H](C)[C@H](OC(C)=O)[C@@H]1C)C(\C=N\N1CCN(CC1)C1CCCC1)=C2O
32,NCT04118842,DB01045,CO[C@H]1\C=C\O[C@@]2(C)OC3=C(C2=O)C2=C(O)C(\C=N\N4CCN(C)CC4)=C(NC(=O)\C(C)=C/C=C/[C@H](C)[C@H](O)[C@@H](C)[C@@H](O)[C@@H](C)[C@H](OC(C)=O)[C@@H]1C)C(O)=C2C(O)=C3C
33,NCT04118842,DB12048,C[C@H](N1N=NC2=NC=C(N=C12)C1=CN(C)N=C1)C1=CN2C=CN=C2C=C1
34,NCT04280328,DB16125,CC1=CC=C(O1)C1=C2N=NN(CC3=CC=CC(CO[C@H]4CCOC4)=N3)C2=NC(N)=N1
35,NCT00639002,DB08877,N#CC[C@H](C1CCCC1)N1C=C(C=N1)C1=C2C=CNC2=NC=N1
36,NCT00639002,DB11487,[H][C@@]12C[C@@H](C)[C@](O)(C(=O)COC(=O)C3=CC=NC=C3)[C@@]1(C)C[C@H](O)[C@@]1(F)[C@@]2([H])CCC2=CC(=O)C=C[C@]12C
37,NCT00639002,DB00443,[H][C@@]12C[C@H](C)[C@](O)(C(=O)CO)[C@@]1(C)C[C@H](O)[C@@]1(F)[C@@]2([H])CCC2=CC(=O)C=C[C@]12C
38,NCT00639002,DB14703,[H][C@@]12C[C@@H](C)[C@](O)(C(=O)COC(=O)C3=CC=CC(=C3)S(O)(=O)=O)[C@@]1(C)C[C@H](O)[C@@]1(F)[C@@]2([H])CCC2=CC(=O)C=C[C@]12C
39,NCT00639002,DB01234,[H][C@@]12C[C@@H](C)[C@](O)(C(=O)CO)[C@@]1(C)C[C@H](O)[C@@]1(F)[C@@]2([H])CCC2=CC(=O)C=C[C@]12C
40,NCT00639002,DB14649,[H][C@@]12C[C@@H](C)[C@](O)(C(=O)COC(C)=O)[C@@]1(C)C[C@H](O)[C@@]1(F)[C@@]2([H])CCC2=CC(=O)C=C[C@]12C
41,NCT01975077,DB11679,CNC(=O)C1=C(C)OC2=CC(OC3=NC=NC4=CC(OC)=C(OC)C=C34)=CC=C12
42,NCT03258515,DB00218,[H][C@]12CN(C[C@@]1([H])NCCC2)C1=C(F)C=C2C(=O)C(=CN(C3CC3)C2=C1OC)C(O)=O
43,NCT01583374,DB00694,COC1=CC=CC2=C1C(=O)C1=C(O)C3=C(C[C@](O)(C[C@@H]3O[C@H]3C[C@H](N)[C@H](O)[C@H](C)O3)C(C)=O)C(O)=C1C2=O
44,NCT01583374,DB06444,CCCCCCC(C)(C)C1=CC(O)=C2[C@H]3CC(CO)=CC[C@@H]3C(C)(C)OC2=C1
45,NCT01583374,DB09401,[H][C@]1(O)CO[C@]2([H])[C@]([H])(O)CO[C@]12[H]
46,NCT01583374,DB11346,[Rb]
47,NCT01583374,DB15243,CCCCCCOC(C)C1=C2NC(\C=C3/N=C([C@@H](CCC(O)=O)[C@@H]3C)C3=C4N\C(=C/C5=N/C(=C\2)/C(C)=C5CC)C(C)=C4C(=O)C3)=C1C
48,NCT01583374,DB00837,NC(=O)CCC\N=C(\C1=CC=C(Cl)C=C1)C1=C(O)C=CC(F)=C1
49,NCT01583374,DB01599,CC(C)(SC1=CC(=C(O)C(=C1)C(C)(C)C)C(C)(C)C)SC1=CC(=C(O)C(=C1)C(C)(C)C)C(C)(C)C
50,NCT01583374,DB09061,CCCCCC1=CC(O)=C([C@@H]2C=C(C)CC[C@H]2C(C)=C)C(O)=C1
51,NCT01583374,DB01020,[H][C@]12OC[C@@H](O[N+]([O-])=O)[C@@]1([H])OC[C@@H]2O
52,NCT01583374,DB13750,O\N=C\C1=CC=[N+](COC[N+]2=CC=C(\C=N\O)C=C2)C=C1
53,NCT01583374,DB16171,C[C@@](CC1=CC=C(OP(O)(O)=O)C(O)=C1)(NN)C(O)=O
54,NCT01583374,DB05676,CCOC1=CC(=CC=C1OC)[C@@H](CS(C)(=O)=O)N1C(=O)C2=CC=CC(NC(C)=O)=C2C1=O
55,NCT01583374,DB14050,[H][C@]1(CCC(C)=C[C@H]1C1=C(O)C=C(CCC)C=C1O)C(C)=C
56,NCT01583374,DB09479,[82Rb+]
57,NCT01583374,DB00883,[H][C@]12OC[C@H](O[N+]([O-])=O)[C@@]1([H])OC[C@H]2O[N+]([O-])=O
58,NCT01583374,DB00190,C[C@@](CC1=CC(O)=C(O)C=C1)(NN)C(O)=O
59,NCT01583374,DB09270,COC1=C(OC)C(=O)C(C\C=C(/C)CC\C=C(/C)CC\C=C(/C)CC\C=C(/C)CC\C=C(/C)CC\C=C(/C)CC\C=C(/C)CC\C=C(/C)CC\C=C(/C)CCC=C(C)C)=C(C)C1=O
60,NCT04355156,DB06626,CNC(=O)C1=C(SC2=CC=C3C(NN=C3\C=C\C3=CC=CC=N3)=C2)C=CC=C1
61,NCT00567554,DB12633,CSCO[C@H]1C[C@H]2OC[C@@]2(OC(C)=O)[C@H]2[C@H](OC(=O)C3=CC=CC=C3)[C@]3(O)C[C@H](OC(=O)[C@H](O)[C@@H](NC(=O)C4=CC=CC=C4)C4=CC=CC=C4)C(C)=C([C@@H](OC(C)=O)C(=O)[C@]12C)C3(C)C
62,NCT00567554,DB01248,[H][C@@]1(C[C@@]2(O)[C@@H](OC(=O)C3=CC=CC=C3)[C@]3([H])[C@@]4(CO[C@@H]4C[C@H](O)[C@@]3(C)C(=O)[C@H](O)C(=C1C)C2(C)C)OC(C)=O)OC(=O)[C@H](O)[C@@H](NC(=O)OC(C)(C)C)C1=CC=CC=C1
63,NCT00567554,DB01229,[H][C@]12[C@H](OC(=O)C3=CC=CC=C3)[C@]3(O)C[C@H](OC(=O)[C@H](O)[C@@H](NC(=O)C4=CC=CC=C4)C4=CC=CC=C4)C(C)=C([C@@H](OC(C)=O)C(=O)[C@]1(C)[C@@H](O)C[C@H]1OC[C@@]21OC(C)=O)C3(C)C
64,NCT00567554,DB00445,COC1=CC=CC2=C1C(=O)C1=C(O)C3=C(C[C@](O)(C[C@@H]3O[C@H]3C[C@H](N)[C@@H](O)[C@H](C)O3)C(=O)CO)C(O)=C1C2=O
65,NCT00567554,DB05297,CC\C=C/C\C=C/C\C=C/C\C=C/C\C=C/C\C=C/CCC(=O)O[C@@H](C(=O)O[C@H]1C[C@@]2(O)[C@@H](OC(=O)C3=CC=CC=C3)[C@@]3([H])[C@@](C)([C@@H](O)C[C@@]4([H])OC[C@@]34OC(=O)C)C(=O)[C@H](OC(=O)C)C(=C1C)C2(C)C)[C@@H](NC(=O)C1=CC=CC=C1)C1=CC=CC=C1
66,NCT00567554,DB00531,ClCCN(CCCl)P1(=O)NCCCO1
67,NCT00567554,DB01590,[H][C@@]1(C[C@@H](C)[C@]2([H])CC(=O)[C@H](C)\C=C(C)\[C@@H](O)[C@@H](OC)C(=O)[C@H](C)C[C@H](C)\C=C\C=C\C=C(C)\[C@H](C[C@]3([H])CC[C@@H](C)[C@@](O)(O3)C(=O)C(=O)N3CCCC[C@@]3([H])C(=O)O2)OC)CC[C@@H](OCCO)[C@@H](C1)OC
68,NCT00567554,DB12619,COC(=O)O[C@@]12CO[C@@H]1C[C@H](O)[C@]1(C)[C@@H]2[C@H](OC(=O)C2=CC=CC=C2)[C@]2(O)C[C@H](OC(=O)[C@H](O)[C@@H](NC(=O)C3=CC=CC=C3)C3=CC=CC=C3)C(C)=C([C@@H](OC(C)=O)C1=O)C2(C)C
69,NCT00567554,DB01259,CS(=O)(=O)CCNCC1=CC=C(O1)C1=CC2=C(C=C1)N=CN=C2NC1=CC(Cl)=C(OCC2=CC(F)=CC=C2)C=C1
70,NCT02133157,DB15106,CN(C)CCNS(=O)(=O)CC1=CC(NC2=NC(OC3=CC4=C(NC(C)=C4)C=C3)=CC=N2)=CC=C1
71,NCT01645215,DB11679,CNC(=O)C1=C(C)OC2=CC(OC3=NC=NC4=CC(OC)=C(OC)C=C34)=CC=C12
72,NCT00736372,DB05448,CCC(C)SSC1=NC=CN1
73,NCT05135871,DB14921,CC(C)N1C(=O)NC(N[C@@H](C)C2=CC=CC=C2)=CC1=O
74,NCT02703298,DB16172,COC1=C(OP(O)(O)=O)C2=C(NC(=CC2=O)C2=CC(F)=CC=C2)C=C1
75,NCT02507544,DB16172,COC1=C(OP(O)(O)=O)C2=C(NC(=CC2=O)C2=CC(F)=CC=C2)C=C1
76,NCT03402659,DB07138,FC1=CC(F)=C(SC2=NN3C=NC(=O)C(=C3C=C2)C2=C(Cl)C=CC=C2Cl)C=C1
77,NCT01773018,DB12048,C[C@H](N1N=NC2=NC=C(N=C12)C1=CN(C)N=C1)C1=CN2C=CN=C2C=C1
78,NCT00257114,DB00188,CC(C)C[C@H](NC(=O)[C@H](CC1=CC=CC=C1)NC(=O)C1=CN=CC=N1)B(O)O
79,NCT00257114,DB16741,[H][C@@]1(OB(O[C@]1([H])[C@H](O)CO)[C@H](CC(C)C)NC(=O)[C@H](CC1=CC=CC=C1)NC(=O)C1=NC=CN=C1)[C@H](O)CO
80,NCT03163966,DB16111,OC(=O)C1=CC=C(C=C1)C1(CC1)NC(=O)C1CC2(CC2)CCN1CC1=CC=C(C=C1)C(F)(F)F
81,NCT03163966,DB00563,CN(CC1=CN=C2N=C(N)N=C(N)C2=N1)C1=CC=C(C=C1)C(=O)N[C@@H](CCC(O)=O)C(O)=O
82,NCT03163966,DB16620,CN(CC1=CN=C2N=C(N)NC(=O)C2=N1)C1=CC=C(C=C1)C(=O)N[C@@H](CCC(O)=O)C(O)=O
83,NCT02655822,DB16125,CC1=CC=C(O1)C1=C2N=NN(CC3=CC=CC(CO[C@H]4CCOC4)=N3)C2=NC(N)=N1
84,NCT03703882,DB15010,CC\C=C/C\C=C/C\C=C/C\C=C/C\C=C/C\C=C/CCC(=O)NCCNC(=O)C1=C(O)C=CC=C1
85,NCT03368170,DB16229,CCCNCCOC1=CC(=CC(F)=C1)S(C)(=O)=O
86,NCT02355535,DB12428,CCCC1=C(\C=C\C(=O)N[C@H](C)C2=CC(F)=C(NS(C)(=O)=O)C(F)=C2)C=CC(=N1)C(F)(F)F
87,NCT02355535,DB13048,OC1=C(\C=N\NC(=O)CN2CCN(CC3=CC=CC=C3)CC2)C=CC=C1CC=C
88,NCT01340846,DB08496,CC(=O)C[C@H](C1=CC=CC=C1)C1=C(O)C2=C(OC1=O)C=CC=C2
89,NCT01340846,DB08735,[H][C@@](C)(O)C[C@]([H])(C1=CC=CC=C1)C1=C(O)C2=CC=CC=C2OC1=O
90,NCT01340846,DB00682,CC(=O)CC(C1=CC=CC=C1)C1=C(O)C2=C(OC1=O)C=CC=C2
91,NCT01340846,DB05667,CC(=O)N1CCN(CC1)C1=CC=C(OC[C@@H]2CO[C@](CN3C=CN=C3)(O2)C2=CC=C(Cl)C=C2Cl)C=C1
92,NCT01340846,DB08736,[H][C@](C)(O)C[C@@]([H])(C1=CC=CC=C1)C1=C(O)C2=CC=CC=C2OC1=O
93,NCT01340846,DB01418,CC(=O)CC(C1=CC=C(C=C1)[N+]([O-])=O)C1=C(O)C2=CC=CC=C2OC1=O
94,NCT01340846,DB14055,CC(=O)C[C@@H](C1=CC=CC=C1)C1=C(O)C2=C(OC1=O)C=CC=C2
95,NCT01340846,DB01241,CC1=CC(OCCCC(C)(C)C(O)=O)=C(C)C=C1
96,NCT01340846,DB01026,CC(=O)N1CCN(CC1)C1=CC=C(OCC2COC(CN3C=CN=C3)(O2)C2=CC=C(Cl)C=C2Cl)C=C1
97,NCT02605746,DB09063,CC(C)OC1=C(NC2=NC=C(Cl)C(N2)=NC2=CC=CC=C2S(=O)(=O)C(C)C)C=C(C)C(=C1)C1CCNCC1
98,NCT03497377,DB14805,OC(=O)CC[C@H](NC(=O)N[C@@H](CCCCNC(=O)C1=CC=C([18F])N=C1)C(O)=O)C(O)=O
99,NCT02096913,DB09213,CC(C)CC1=CC=C(C=C1)[C@H](C)C(O)=O
100,NCT02096913,DB01050,CC(C)CC1=CC=C(C=C1)C(C)C(O)=O
101,NCT02096913,DB14020,OC(C(=O)C1=CC=CC=C1)C1=CC=CC=C1
102,NCT03130790,DB05944,C[C@@H]1COC(NC2=CC=C3N=CN=C(NC4=CC=C(OCC5=NC=CS5)C(Cl)=C4)C3=C2)=N1
103,NCT03223337,DB11682,OC(=O)CNC(=O)C1C(=O)N(C2CCCCC2)C(=O)N(C2CCCCC2)C1=O
104,NCT03231176,DB05944,C[C@@H]1COC(NC2=CC=C3N=CN=C(NC4=CC=C(OCC5=NC=CS5)C(Cl)=C4)C3=C2)=N1
105,NCT03231176,DB01101,CCCCCOC(=O)NC1=NC(=O)N(C=C1F)[C@@H]1O[C@H](C)[C@@H](O)[C@H]1O
106,NCT03093870,DB05944,C[C@@H]1COC(NC2=CC=C3N=CN=C(NC4=CC=C(OCC5=NC=CS5)C(Cl)=C4)C3=C2)=N1
107,NCT03093870,DB01101,CCCCCOC(=O)NC1=NC(=O)N(C=C1F)[C@@H]1O[C@H](C)[C@@H](O)[C@H]1O
108,NCT02447380,DB01248,[H][C@@]1(C[C@@]2(O)[C@@H](OC(=O)C3=CC=CC=C3)[C@]3([H])[C@@]4(CO[C@@H]4C[C@H](O)[C@@]3(C)C(=O)[C@H](O)C(=C1C)C2(C)C)OC(C)=O)OC(=O)[C@H](O)[C@@H](NC(=O)OC(C)(C)C)C1=CC=CC=C1
109,NCT01083524,DB13381,[Na+].[O-]C(=O)C[N+]12CC[N+]34CC(=O)O[Fe--]13(OC(=O)C2)OC(=O)C4
110,NCT01083524,DB09370,[Na+].[Na+].O[32P]([O-])([O-])=O
111,NCT01083524,DB09382,[Na+].[O-]C(=O)CNC(=O)C1=C([131I])C=CC=C1
112,NCT01083524,DB15908,[OH-].[Na+].[Al+3].[O-]C([O-])=O.OCC(O)C(O)C(O)C(O)CO
113,NCT01083524,DB15835,[Na+].[Na+].[H][C@@]12C[C@@]3([H])[C@]4([H])CCC5=CC(=O)C=C[C@]5(C)[C@@]4([H])[C@@H](O)C[C@]3(C)[C@@]1(OC(C)(C)O2)C(=O)COP([O-])([O-])=O
114,NCT01083524,DB14516,[Na+]
115,NCT01083524,DB09183,COC1=C(C=C(C=C1C1=CC2=CC=C(NS(C)(=O)=O)C=C2C=C1)N1C=CC(=O)NC1=O)C(C)(C)C
116,NCT01083524,DB16608,[Na+].[O-][Cl](=O)(=O)=O
117,NCT01083524,DB09449,[Na+].OP(O)([O-])=O
118,NCT01083524,DB11119,[Na+].[I-]
119,NCT01083524,DB15952,[Na+].[O-][N+]([O-])=O
120,NCT01083524,DB14505,[Na+].[Na+].[O-]B1OB2OB([O-])OB(O1)O2
121,NCT01083524,DB09561,[Na+].[Na+].OCC(O)COP([O-])([O-])=O
122,NCT01083524,DB15842,[Na+].[Na+].[O-]S(=O)S([O-])(=O)=O
123,NCT01083524,DB08809,OC(=O)C(Cl)Cl
124,NCT01083524,DB14702,[Na+].[O-][V](=O)=O
125,NCT01083524,DB14048,[Na+].[Na+].[Zr].[O-][Si]1([O-])O[Si]([O-])([O-])O[Si]([O-])([O-])O1
126,NCT01083524,DB13743,O.O.[Na+].[Na+].[Na+].[Au+].[O-]S([S-])(=O)=O.[O-]S([S-])(=O)=O
127,NCT01083524,DB14015,[Na+].OS([O-])=O
128,NCT01083524,DB09380,[Na+].[Na+].[O-][51Cr]([O-])(=O)=O
129,NCT01083524,DB14496,[Na+].[Na+].[O-][Mo]([O-])(=O)=O
130,NCT01083524,DB01583,[Na+].[Na+].N[C@@H](CC1=CC(I)=C(OC2=CC(I)=C(O)C=C2)C(I)=C1)C([O-])=O.N[C@@H](CC1=CC(I)=C(OC2=CC(I)=C(O)C(I)=C2)C(I)=C1)C([O-])=O
131,NCT01083524,DB09276,[Na+].[Na+].[O-]C(=O)CC(S[Au])C([O-])=O
132,NCT01083524,DB09472,[Na+].[Na+].[O-]S([O-])(=O)=O
133,NCT01083524,DB09072,[Na+].OCCCC([O-])=O
134,NCT01083524,DB09395,[Na+].CC([O-])=O
135,NCT01083524,DB13707,[Na+].[Na+].O[C@H]([C@@H](O)C([O-])=O)C([O-])=O
136,NCT01083524,DB14105,[Na+].[H][C@@](COC(=O)CCCCCCCCCCCCCCC)(COP([O-])(=O)OCC(O)CO)OC(=O)CCCCCCCCCCCCCCC
137,NCT01083524,DB14598,[Na+].[Na+].[Ca++].[O-]C(=O)CN(CCN(CC([O-])=O)CC([O-])=O)CC([O-])=O
138,NCT01083524,DB14482,[Na+].[H][C@@]1(OC(=O)C(O)=C1[O-])[C@@H](O)CO
139,NCT01083524,DB11590,[Na+].CC[Hg]SC1=CC=CC=C1C([O-])=O
140,NCT01083524,DB15951,[Na+].[Na+].[O-]S(=O)(=O)C1=CC=C2NC3=CC4=NC5=CC(=CC=C5NC4=CC3=NC2=C1)S([O-])(=O)=O
141,NCT01083524,DB09517,[O--].[O--].[O--].[Na+].[Fe+3].[Fe+3].OC[C@@H](O)[C@@H](O)[C@H](O)[C@@H](O)C([O-])=O.OC[C@H]1O[C@@](CO)(O[C@H]2O[C@H](CO)[C@@H](O)[C@H](O)[C@H]2O)[C@@H](O)[C@@H]1O.OC[C@H]1O[C@@](CO)(O[C@H]2O[C@H](CO)[C@@H](O)[C@H](O)[C@H]2O)[C@@H](O)[C@@H]1O.OC[C@H]1O[C@@](CO)(O[C@H]2O[C@H](CO)[C@@H](O)[C@H](O)[C@H]2O)[C@@H](O)[C@@H]1O.OC[C@H]1O[C@@](CO)(O[C@H]2O[C@H](CO)[C@@H](O)[C@H](O)[C@H]2O)[C@@H](O)[C@@H]1O.OC[C@H]1O[C@@](CO)(O[C@H]2O[C@H](CO)[C@@H](O)[C@H](O)[C@H]2O)[C@@H](O)[C@@H]1O
142,NCT01083524,DB14600,[Na+].[Na+].OC(=O)CN(CCN(CC(O)=O)CC([O-])=O)CC([O-])=O
143,NCT01083524,DB09325,[F-].[Na+]
144,NCT01083524,DB11493,[Na+].[Na+].[Na+].[Na+].[Na+].[O-]P([O-])(=O)OP([O-])(=O)OP([O-])([O-])=O
145,NCT01083524,DB13404,[Na+].[Na+].[Na+].[Na+].[O-]C(=O)CN(CCN(CC([O-])=O)CC([O-])=O)CC([O-])=O
146,NCT01083524,DB13771,[Na+].[Fe+3].[O-]C(=O)CC([O-])(CC([O-])=O)C([O-])=O
147,NCT01083524,DB14502,[Na+].[Na+].OP([O-])([O-])=O
148,NCT01083524,DB16585,[Na+].[Na+].[Na+].[K+].[K+].[K+].[H]O[H].OC(CC([O-])=O)(CC([O-])=O)C([O-])=O.OC(CC([O-])=O)(CC([O-])=O)C([O-])=O
149,NCT01083524,DB09460,[Na+].[Na+].[O-]C([O-])=O
150,NCT01083524,DB13210,[Na+].[O-][Cl]=O
151,NCT01083524,DB11151,[OH-].[Na+]
152,NCT01083524,DB15950,[Na+].[H][C@]12CC[C@@](CS([O-])(=O)=O)(C(=O)C1)C2(C)C
153,NCT01083524,DB09154,[Na+].[Na+].[Na+].OC(CC([O-])=O)(CC([O-])=O)C([O-])=O
154,NCT01083524,DB15974,[Na+].[Na+].[Na+].O=S1(=O)O[Au]2(OS(=O)(=O)S2)S1
155,NCT01083524,DB09153,[Na+].[Cl-]
156,NCT01083524,DB09332,[Na+].[Na+].[Na+].[Na+].CC1=C(OP([O-])([O-])=O)C2=CC=CC=C2C(OP([O-])([O-])=O)=C1
157,NCT01083524,DB00464,[Na+].CCCCC(CC)CCC(CC(C)C)OS([O-])(=O)=O
158,NCT01083524,DB01390,[Na+].OC([O-])=O
159,NCT01083524,DB09448,[Na+].[O-]C(=O)CNC(=O)C1=CC=CC=C1[123I]
160,NCT01083524,DB11159,[Na+].[Na+].[S--]
161,NCT01083524,DB14622,O.O.O.O.O.O.O.O.O.O.O.O.[Na+].[Na+].[Na+].[O-]P([O-])([O-])=O
162,NCT01083524,DB06705,[Na+].[Na+].[Na+].[Gd+3].[O-]C(=O)CN(CCN(CC([O-])=O)CC([O-])=O)C[C@H](COP([O-])(=O)OC1CCC(CC1)(C1=CC=CC=C1)C1=CC=CC=C1)N(CC([O-])=O)CC([O-])=O
163,NCT01083524,DB15825,[Na+].O[Al+]O.[O-]C([O-])=O
164,NCT01083524,DB14599,[Na+].[Na+].[Cu++].[O-]C(=O)CN(CCN(CC([O-])=O)CC([O-])=O)CC([O-])=O
165,NCT01083524,DB13157,[Na+].CCCCCCCCCCCCOC(=O)CS([O-])(=O)=O
166,NCT01083524,DB00815,[Na+].CCCCCCCCCCCCOS([O-])(=O)=O
167,NCT01083524,DB13911,[Na+].[Na+].[O-]C(=O)C1=C(Cl)C(Cl)=C(Cl)C(Cl)=C1C1=C2C=C(Br)C(=O)C(Br)=C2OC2=C1C=C(Br)C([O-])=C2Br
168,NCT01083524,DB09484,[Na+].[Na+].[O-]P([O-])(F)=O
169,NCT01083524,DB05630,O.O.O.O.O.O.O.O.O.[Na+].[Na+].[Na+].[H][C@@]1(O[Sb]2(O)(O[Sb]34([O-])O[C@@H](C([O-])=O)[C@@]([H])(O3)[C@]([H])(O4)[C@H](O)CO)O[C@@H](C([O-])=O)[C@@]1([H])O2)[C@H](O)CO
170,NCT01837667,DB01248,[H][C@@]1(C[C@@]2(O)[C@@H](OC(=O)C3=CC=CC=C3)[C@]3([H])[C@@]4(CO[C@@H]4C[C@H](O)[C@@]3(C)C(=O)[C@H](O)C(=C1C)C2(C)C)OC(C)=O)OC(=O)[C@H](O)[C@@H](NC(=O)OC(C)(C)C)C1=CC=CC=C1
171,NCT01837667,DB15412,CN1CCN(CC1)C(=O)C1[C@@H]2CC[C@@H](O2)C1C(O)=O
172,NCT01887197,DB01370,[Al]
173,NCT01887197,DB03206,OC[C@H]1NC[C@H](O)[C@@H](O)[C@@H]1O
174,NCT01887197,DB16741,[H][C@@]1(OB(O[C@]1([H])[C@H](O)CO)[C@H](CC(C)C)NC(=O)[C@H](CC1=CC=CC=C1)NC(=O)C1=NC=CN=C1)[C@H](O)CO
175,NCT01887197,DB02399,C[C@H](O)[C@H](O)[C@@H](O)[C@@H](O)CO
176,NCT01887197,DB12097,CS(=O)(=O)OC[C@@H](O)[C@@H](O)[C@H](O)[C@H](O)COS(C)(=O)=O
177,NCT01887197,DB00742,OC[C@@H](O)[C@@H](O)[C@H](O)[C@H](O)CO
178,NCT01887197,DB04733,O[C@H](COP(O)(O)=O)[C@@H](O)[C@H](O)[C@H](O)COP(O)(O)=O
179,NCT01887197,DB01592,[Fe]
180,NCT01887197,DB14154,[Au]
181,NCT01887197,DB14513,[MgH2]
182,NCT02406209,DB00422,COC(=O)C(C1CCCCN1)C1=CC=CC=C1
183,NCT02406209,DB09020,CC(=O)OC1=CC=C(C=C1)C(C1=CC=C(OC(C)=O)C=C1)C1=CC=CC=N1
184,NCT02406209,DB00974,OC(=O)CN(CCN(CC(O)=O)CC(O)=O)CC(O)=O
185,NCT02406209,DB08152,[H][C@@]1(COC(=O)CC2=CC(Cl)=CC=C2)CCCN1C(=O)CNC(=O)OC(C)(C)C
186,NCT02406209,DB06736,OC(=O)COC(=O)CC1=CC=CC=C1NC1=C(Cl)C=CC=C1Cl
187,NCT02406209,DB14679,[H][C@@]12CC[C@@](OC(C)=O)(C#C)[C@@]1(C)CC[C@]1([H])[C@@]3([H])CCC(OC4CCCC4)=CC3=CC[C@@]21[H]
188,NCT02406209,DB09409,O.O.O.O.[Mg++].CC([O-])=O.CC([O-])=O
189,NCT02406209,DB08115,NCCOC(=O)CC1=C2C=CC=CC2=CC=C1
190,NCT02406209,DB15111,C[11C](O)=O
191,NCT02406209,DB08809,OC(=O)C(Cl)Cl
192,NCT02406209,DB13951,[H][C@@]12CC[C@H](OC(C)=O)[C@@]1(C)CC[C@@]1([H])[C@@]2([H])CC[C@@]2([H])CC(=O)CC[C@]12C
193,NCT02406209,DB06756,C[N+](C)(C)CC([O-])=O
194,NCT02406209,DB15566,[H][C@@]12CC[C@](O)(C(=O)COC(C)=O)[C@@]1(C)C[C@]([H])(O)[C@@]1([H])[C@@]2([H])CCC2=CC(=O)C=C[C@]12C
195,NCT02406209,DB15999,[H][C@@]12CC[C@](O)(C(=O)COC(=O)CCCCC)[C@@]1(C)C[C@H](O)[C@@]1([H])[C@@]2([H])CCC2=CC(=O)C=C[C@]12C
196,NCT02406209,DB14487,[Zn++].CC([O-])=O.CC([O-])=O
197,NCT02406209,DB15957,CC(=O)OC(C)(C)C1CCC(C)=CC1
198,NCT02406209,DB14654,CC(=O)OC1=CC=C(C=C1)C1(OC2=C(NC1=O)C=CC=C2)C1=CC=C(OC(C)=O)C=C1
199,NCT02406209,DB01321,CO[C@H]1[C@@H](CC(=O)O[C@H](C)C\C=C\C=C\[C@H](O)[C@H](C)C[C@H](CC=O)[C@@H]1O[C@@H]1O[C@H](C)[C@@H](O[C@H]2C[C@@](C)(O)[C@@H](OC(=O)CC(C)C)[C@H](C)O2)[C@@H]([C@H]1O)N(C)C)OC(C)=O
200,NCT02406209,DB04839,[H][C@@]12C[C@]1([H])[C@@]1(C)C(=CC2=O)C(Cl)=C[C@@]2([H])[C@]3([H])CC[C@](OC(C)=O)(C(C)=O)[C@@]3(C)CC[C@]12[H]
201,NCT02406209,DB09137,[Tc].CC1=CC(C)=C(Br)C(C)=C1NC(=O)CN(CC(O)=O)CC(O)=O
202,NCT02406209,DB07957,[H][C@](OC(C)=O)(C(=O)OC)C1=CC=C(N)C=C1C(O)=O
203,NCT02406209,DB07950,OC(=O)CC1=CNC2=CC=CC=C12
204,NCT02406209,DB14643,[H][C@@]12CC[C@](OC(=O)CC)(C(=O)COC(C)=O)[C@@]1(C)C[C@H](O)[C@@]1([H])[C@@]2([H])C[C@H](C)C2=CC(=O)C=C[C@]12C
205,NCT02406209,DB14631,[H][C@@]12CC[C@](O)(C(=O)COP(O)(O)=O)[C@@]1(C)C[C@H](O)[C@@]1([H])[C@@]2([H])CCC2=CC(=O)C=C[C@]12C
206,NCT02406209,DB01562,CC(=O)OC1(CCN(CCC2=CC=CC=C2)CC1)C1=CC=CC=C1
207,NCT02406209,DB14539,[H][C@@]12CC[C@](O)(C(=O)COC(C)=O)[C@@]1(C)C[C@H](O)[C@@]1([H])[C@@]2([H])CCC2=CC(=O)CC[C@]12C
208,NCT02406209,DB16474,CCCCCCCCCCCCCCCC(=O)OCC(CSC[C@H](N)C(=O)N[C@@H](CO)C(=O)N[C@@H](CCCCN)C(=O)N[C@@H](CCCCN)C(=O)N[C@@H](CCCCN)C(=O)N[C@@H](CCCCN)C(O)=O)OC(=O)CCCCCCCCCCCCCCC
209,NCT02406209,DB02419,CCOC(=O)C(=O)N1CCCCC1
210,NCT02406209,DB14659,[H][C@@]12CC(=C)[C@](OC(C)=O)(C(C)=O)[C@@]1(C)CC[C@@]1([H])[C@@]2([H])C=C(C)C2=CC(=O)CC[C@]12C
211,NCT02406209,DB08497,[H][C@@](OC(C)=O)(C(=O)NC1=CC=CC2=C1C(=O)C(=O)NC2=O)C1=CC=CC=C1
212,NCT02406209,DB06703,OC[C@H](O)[C@H](CO)[N+]12CC[N+]3(CC([O-])=O)CC[N+]4(CC([O-])=O)CC[N+](CC([O-])=O)(CC1)[Gd-]234
213,NCT02406209,DB14007,OC(=O)CN(CCN(CC(O)=O)CC(O)=O)CCN(CC(O)=O)CC(O)=O
214,NCT02406209,DB14627,CC(=O)OC1=CC=C(C=C1)C1(C(=O)NC2=CC=CC=C12)C1=CC=C(OC(C)=O)C=C1
215,NCT02406209,DB14652,[H][C@@]12C[C@@H](C)[C@H](C(=O)COC(C)=O)[C@@]1(C)C[C@H](O)[C@@]1(Cl)[C@@]2([H])C[C@H](F)C2=CC(=O)C=C[C@]12C
216,NCT02406209,DB00979,CN(C)CCOC(=O)C(C1=CC=CC=C1)C1(O)CCCC1
217,NCT02406209,DB03045,CC(=O)OCCNC(=O)CCNC(=O)[C@H](O)C(C)(C)COC(=O)C(C)(C)C
218,NCT02406209,DB14672,CC(=O)OC1N=C(C2=CC=CC=C2)C2=CC(Cl)=CC=C2NC1=O
219,NCT02406209,DB00351,[H][C@@]12CC[C@](OC(C)=O)(C(C)=O)[C@@]1(C)CC[C@@]1([H])[C@@]2([H])C=C(C)C2=CC(=O)CC[C@]12C
220,NCT02406209,DB14660,[H][C@@]1(CC[C@@]2([H])[C@]3([H])CCC4=CC(=O)CCC4=C3C=C[C@]12C)OC(C)=O
221,NCT02406209,DB14671,CN1C2=CC=C(Cl)C=C2C(=NC(OC(C)=O)C1=O)C1=CC=CC=C1
222,NCT02406209,DB08498,[H][C@@](OC(C)=O)(C(=O)NC1=CC=CC2=C1C(=O)C(=O)NC2=O)C1=CC=CC(Cl)=C1
223,NCT02406209,DB14640,[H][C@@]12CC[C@](O)(C(=O)COC(C)=O)[C@@]1(C)C[C@H](O)[C@@]1(F)[C@@]2([H])CCC2=CC(=O)C=C[C@]12C
224,NCT02406209,DB00890,[H]\C(C)=C(/C(=C(\[H])C)/C1=CC=C(O)C=C1)\C1=CC=C(O)C=C1
225,NCT02406209,DB08806,CC(=O)OCC(=O)NCCCOC1=CC=CC(CN2CCCCC2)=C1
226,NCT02406209,DB14583,[H][C@@]12CC(=C)[C@](OC(C)=O)(C(C)=O)[C@@]1(C)CC[C@]1([H])[C@@]3([H])CCC(=O)C=C3CC[C@@]21[H]
227,NCT02406209,DB01433,CCC(OC(C)=O)C(CC(C)N(C)C)(C1=CC=CC=C1)C1=CC=CC=C1
228,NCT02406209,DB06781,[H][C@@]12CC[C@](OC(=O)CCC)(C(=O)COC(C)=O)[C@@]1(C)C[C@H](O)[C@@]1(F)[C@@]2([H])C[C@H](F)C2=CC(=O)C=C[C@]12C
229,NCT02406209,DB03517,CSCC([O-])=O
230,NCT02406209,DB08753,CC(=O)OC1=CC=C(\C=C\C(=O)NCCC2=CC=CC=C2)C=C1OC(C)=O
231,NCT02406209,DB00240,[H][C@@]12C[C@@H](C)[C@](O)(C(=O)CO)[C@@]1(C)C[C@H](O)[C@@]1([H])[C@@]2([H])[C@H](Cl)CC2=CC(=O)C=C[C@]12C
232,NCT02406209,DB07955,NC1=CC(C=O)=C(CC(=O)OCCBr)C=C1
233,NCT02406209,DB14633,[H][C@@]12CC[C@](O)(C(=O)COC(=O)CCC(O)=O)[C@@]1(C)C[C@H](O)[C@@]1([H])[C@@]2([H])CCC2=CC(=O)C=C[C@]12C
234,NCT02406209,DB00860,[H][C@@]12CC[C@](O)(C(=O)CO)[C@@]1(C)C[C@H](O)[C@@]1([H])[C@@]2([H])CCC2=CC(=O)C=C[C@]12C
235,NCT02406209,DB00769,[H][C@@]12CC[C@](O)(C(=O)COC(=O)CN(CC)CC)[C@@]1(C)C[C@H](O)[C@@]1([H])[C@@]2([H])CCC2=CC(=O)CC[C@]12C
236,NCT02406209,DB00443,[H][C@@]12C[C@H](C)[C@](O)(C(=O)CO)[C@@]1(C)C[C@H](O)[C@@]1(F)[C@@]2([H])CCC2=CC(=O)C=C[C@]12C
237,NCT02406209,DB14646,[H][C@@]12CC[C@](O)(C(=O)COC(C)=O)[C@@]1(C)CC(=O)[C@@]1([H])[C@@]2([H])CCC2=CC(=O)C=C[C@]12C
238,NCT02406209,DB01670,CCCOC(C)=O
239,NCT02406209,DB03040,OC(=O)CN(CC(O)=O)CC(O)=O
240,NCT02406209,DB16005,CC(=O)OCC(COC(C)=O)OC(C)=O
241,NCT02406209,DB14665,CC(=O)O[C@@H]1C[C@@H]2CC[C@@]1(C)C2(C)C
242,NCT02406209,DB13179,CO[C@H]1C[C@H](O[C@H]2[C@H](C)[C@@H](O[C@@H]3O[C@H](C)C[C@@H]([C@H]3OC(C)=O)N(C)C)[C@@H](C)C[C@@]3(CO3)C(=O)[C@H](C)[C@@H](OC(C)=O)[C@@H](C)[C@@H](C)OC(=O)[C@@H]2C)O[C@@H](C)[C@@H]1OC(C)=O
243,NCT02406209,DB01227,CC[C@H](OC(C)=O)C(C[C@H](C)N(C)C)(C1=CC=CC=C1)C1=CC=CC=C1
244,NCT02406209,DB01452,[H][C@@]12C=C[C@H](OC(C)=O)[C@@H]3OC4=C(OC(C)=O)C=CC5=C4[C@]13CCN(C)[C@@H]2C5
245,NCT02406209,DB14498,[K+].CC([O-])=O
246,NCT02406209,DB03098,C[Se]CC([O-])=O
247,NCT02406209,DB14626,[H][C@@]12CC[C@H](C(C)=O)[C@@]1(C)CC[C@@]1([H])[C@@]2([H])CC=C2C[C@H](CC[C@]12C)OC(C)=O
248,NCT02406209,DB00957,[H][C@@]12CC[C@@](OC(C)=O)(C#C)[C@@]1(CC)CC[C@]1([H])[C@@]3([H])CC\C(C=C3CC[C@@]21[H])=N/O
249,NCT02406209,DB00945,CC(=O)OC1=CC=CC=C1C(O)=O
250,NCT02406209,DB05442,[H][C@@]12CC[C@](OC(=O)C(Cl)Cl)(C(=O)OCC)[C@@]1(C)C[C@H](O)[C@@]1([H])[C@@]2([H])CCC2=CC(=O)C=C[C@]12C
251,NCT02406209,DB05288,[H][C@@]12CC[C@](O)(C(=O)COC(C)=O)[C@@]1(C)CC=C1[C@@]2([H])CCC2=CC(=O)CC[C@]12C
252,NCT02406209,DB13157,[Na+].CCCCCCCCCCCCOC(=O)CS([O-])(=O)=O
253,NCT02406209,DB12187,NC1=NC(NC2CC2)=C2N=CN([C@@H]3C[C@H](COC(=O)CO)C=C3)C2=N1
254,NCT02406209,DB15903,[H][C@@]12CC[C@](OC(C)=O)(C(C)=O)[C@@]1(C)CC[C@@]1([H])[C@@]2([H])C=C(Cl)C2=CC(=O)CC[C@]12C
255,NCT02406209,DB00620,[H][C@@]12C[C@@H](O)[C@](O)(C(=O)CO)[C@@]1(C)C[C@H](O)[C@@]1(F)[C@@]2([H])CCC2=CC(=O)C=C[C@]12C
256,NCT02406209,DB03128,CC(=O)OCC[N+](C)(C)C
257,NCT02406209,DB13381,[Na+].[O-]C(=O)C[N+]12CC[N+]34CC(=O)O[Fe--]13(OC(=O)C2)OC(=O)C4
258,NCT02406209,DB06780,[H][C@@]12CC[C@H](C(=O)COC(C)=O)[C@@]1(C)CC[C@@]1([H])[C@@]2([H])CCC2=CC(=O)CC[C@]12C
259,NCT02406209,DB13657,CC(=O)NC1=CC=C(OC(=O)C2=CC=CC=C2OC(C)=O)C=C1
260,NCT02406209,DB15777,[H][C@@]12C[C@@H](C)[C@H](C(=O)COC(=O)C(C)(C)C)[C@@]1(C)C[C@H](O)[C@@]1([H])[C@@]2([H])C[C@H](F)C2=CC(=O)C=C[C@]12C
261,NCT02406209,DB00343,COC1=CC=C(C=C1)[C@@H]1SC2=C(C=CC=C2)N(CCN(C)C)C(=O)[C@@H]1OC(C)=O
262,NCT02406209,DB13626,O.[OH-].[OH-].[Al+3].NCC([O-])=O
263,NCT02406209,DB14657,[H][C@@]12C[C@@H](C)[C@](O)(C(=O)COC(C)=O)[C@@]1(C)C[C@H](O)[C@@]1([H])[C@@]2([H])C[C@H](F)C2=CC(=O)C=C[C@]12C
264,NCT02406209,DB14002,CC(C)CCC[C@@H](C)CCC[C@@H](C)CCC[C@]1(C)CCC2=C(C)C(OC(C)=O)=C(C)C(C)=C2O1
265,NCT02406209,DB09144,CC(=O)OC[C@H]1O[C@H]([C@H](OC(C)=O)[C@@H]1OC(C)=O)N1C=CC(=O)NC1=O
266,NCT02406209,DB08794,CCOC(=O)C(C1=C(O)C2=CC=CC=C2OC1=O)C1=C(O)C2=CC=CC=C2OC1=O
267,NCT02406209,DB11509,[Cu++].NCC([O-])=O.NCC([O-])=O
268,NCT02406209,DB13280,[Al+3].CC(=O)CC([O-])=O.CC(=O)CC([O-])=O.CC(=O)CC([O-])=O
269,NCT02406209,DB00258,[Ca++].CC([O-])=O.CC([O-])=O
270,NCT02406209,DB01469,[H][C@@]12OC3=C(OC(C)=O)C=CC4=C3[C@@]11CCN(C)[C@]([H])(C4)[C@@]11C[C@]([H])([C@](C)(O)CCC)[C@]2(OC)C=C1
271,NCT02406209,DB09119,CC(=O)O[C@H]1CC2=CC=CC=C2N(C(N)=O)C2=CC=CC=C12
272,NCT02406209,DB14673,CC(=O)OCC(=O)[C@@]12OC(C)(C)O[C@@H]1C[C@H]1[C@@H]3C[C@H](F)C4=CC(=O)CC[C@]4(C)[C@H]3[C@@H](O)C[C@]21C
273,NCT02406209,DB15927,CCCCCOC(C)=O
274,NCT02406209,DB13996,[Mg++].CC([O-])=O.CC([O-])=O
275,NCT02406209,DB14632,[H][C@@]12CC[C@](O)(C(=O)COC(=O)CC(C)(C)C)[C@@]1(C)C[C@H](O)[C@@]1([H])[C@@]2([H])CCC2=CC(=O)C=C[C@]12C
276,NCT02406209,DB14668,C\C=C(\C(=C\C)\C1=CC=C(OC(C)=O)C=C1)/C1=CC=C(OC(C)=O)C=C1
277,NCT02406209,DB04308,[H][C@](N)(C(O)=O)C1=CC=C(O)C=C1
278,NCT02406209,DB14634,[H][C@@]12CC(=C)[C@](O)(C(=O)COC(C)=O)[C@@]1(C)C[C@H](O)[C@@]1(F)[C@@]2([H])CCC2=CC(=O)C=C[C@]12C
279,NCT02406209,DB04898,CCOC(=O)CN[C@@H](C(=O)N1CC[C@H]1C(=O)NCC1=CC=C(C=C1)C(\N)=N\O)C1CCCCC1
280,NCT02406209,DB15202,OC(=O)C[18F]
281,NCT02406209,DB01837,CC(=O)OC[C@H](N)C(O)=O
282,NCT02406209,DB13910,[Bi+3].CCCC(CCC)C([O-])=O.CCCC(CCC)C([O-])=O.CCCC(CCC)C([O-])=O
283,NCT02406209,DB01134,[H][C@@]1(CC[C@@]2([H])[C@]3([H])CCC4=CC(=O)CC[C@]4(C)[C@@]3([H])CC[C@]12C)C(=O)COC(=O)C(C)(C)C
284,NCT02406209,DB14649,[H][C@@]12C[C@@H](C)[C@](O)(C(=O)COC(C)=O)[C@@]1(C)C[C@H](O)[C@@]1(F)[C@@]2([H])CCC2=CC(=O)C=C[C@]12C
285,NCT02406209,DB14518,[Al+3].CC([O-])=O.CC([O-])=O.CC([O-])=O
286,NCT02406209,DB14599,[Na+].[Na+].[Cu++].[O-]C(=O)CN(CCN(CC([O-])=O)CC([O-])=O)CC([O-])=O
287,NCT02406209,DB14629,CC(=O)OCC(F)(F)F
288,NCT02406209,DB04380,NC(=O)NC(NC(N)=O)C([O-])=O
289,NCT02406209,DB13958,[H][C@@]12CC[C@H](OC(C)=O)[C@@]1(C)CC[C@]1([H])[C@@]3([H])CCC(=O)C=C3C[C@@H](C)[C@@]21[H]
290,NCT02406209,DB00959,[H][C@@]12CC[C@](O)(C(=O)CO)[C@@]1(C)C[C@H](O)[C@@]1([H])[C@@]2([H])C[C@H](C)C2=CC(=O)C=C[C@]12C
291,NCT02406209,DB12112,CC(=O)OC\C=C(/C)\C=C\C=C(\C)/C=C/C1=C(C)CCCC1(C)C
292,NCT02406209,DB13141,CN1C2=C(N(CC(O)=O)C=N2)C(=O)N(C)C1=O.NC1=C(Br)C=C(Br)C=C1CN[C@@H]1CC[C@H](O)CC1
293,NCT02406209,DB09378,[H][C@@]12CC[C@](O)(C(=O)CO)[C@@]1(C)C[C@H](O)[C@@]1([H])[C@@]2([H])C[C@H](F)C2=CC(=O)C=C[C@]12C
294,NCT02406209,DB13952,[H][C@@]12CC[C@H](O)[C@@]1(C)CC[C@]1([H])C3=CC=C(OC(C)=O)C=C3CC[C@@]21[H]
295,NCT02406209,DB14662,[H][C@@]12C[C@H]3OC(C)(C)O[C@@]3(C(=O)COC(C)=O)[C@@]1(C)C[C@H](O)[C@@]1([H])[C@@]2([H])C[C@H](F)C2=CC(=O)C=C[C@]12C
296,NCT02406209,DB00603,[H][C@@]12CC[C@](OC(C)=O)(C(C)=O)[C@@]1(C)CC[C@@]1([H])[C@@]2([H])C[C@H](C)C2=CC(=O)CC[C@]12C
297,NCT02406209,DB00591,[H][C@@]12C[C@@]3([H])[C@]4([H])C[C@H](F)C5=CC(=O)C=C[C@]5(C)[C@@]4(F)[C@@H](O)C[C@]3(C)[C@@]1(OC(C)(C)O2)C(=O)CO
298,NCT02406209,DB06701,[H][C@@](C(=O)OC)(C1=CC=CC=C1)[C@@]1([H])CCCCN1
299,NCT02406209,DB00426,CC(=O)OCC(CCN1C=NC2=CN=C(N)N=C12)COC(C)=O
300,NCT02406209,DB08013,CCOC(=O)C1=CC=C(OCCCC2CCN(CC2)C2=NN=C(C)C=C2)C=C1
301,NCT02406209,DB02637,OC(=O)C(=O)CC([O-])=O
302,NCT02406209,DB13981,[H][C@@]12CC[C@](OC(C)=O)(C(C)=O)[C@@]1(C)CC[C@]1([H])[C@@]3([H])CCC(=O)C=C3C(C)=C[C@@]21[H]
303,NCT02406209,DB11522,[H][C@@]12CC[C@](O)(C(=O)CO)[C@@]1(C)C[C@]([H])(O)[C@@]1(F)[C@@]2([H])CCC2=CC(=O)C=C[C@]12C
304,NCT02406209,DB14625,C[C@H]1C[C@H]2[C@@H]3CCC4=CC(=O)C=C[C@]4(C)[C@H]3C(=O)C[C@]2(C)[C@@]1(O)C(=O)COC(C)=O
305,NCT02406209,DB02176,CC(=O)O[Hg+]
306,NCT02406209,DB01260,[H][C@@]12C[C@H]3OC(C)(C)O[C@@]3(C(=O)CO)[C@@]1(C)C[C@H](O)[C@@]1([H])[C@@]2([H])CCC2=CC(=O)C=C[C@]12C
307,NCT02406209,DB01918,C[Te]CC([O-])=O
308,NCT02406209,DB09395,[Na+].CC([O-])=O
309,NCT02406209,DB00995,CCP(CC)(CC)=[Au]S[C@@H]1O[C@H](COC(C)=O)[C@@H](OC(C)=O)[C@H](OC(C)=O)[C@H]1OC(C)=O
310,NCT02406209,DB01380,[H][C@@]12CC[C@](O)(C(=O)COC(C)=O)[C@@]1(C)CC(=O)[C@@]1([H])[C@@]2([H])CCC2=CC(=O)CC[C@]12C
311,NCT02406209,DB15679,CC(=O)O[Al](O)OC(C)=O
312,NCT02406209,DB15984,[H][C@@]12CC[C@H](OC(C)=O)[C@@]1(C)CC[C@@]1([H])[C@@]2([H])CCC2=C(Cl)C(=O)CC[C@]12C
313,NCT02406209,DB14511,CC([O-])=O
314,NCT02406209,DB01234,[H][C@@]12C[C@@H](C)[C@](O)(C(=O)CO)[C@@]1(C)C[C@H](O)[C@@]1(F)[C@@]2([H])CCC2=CC(=O)C=C[C@]12C
315,NCT02406209,DB00511,[H][C@@]1(CC[C@]2(O)[C@]3([H])CC[C@]4([H])C[C@H](CC[C@]4(C)[C@@]3([H])CC[C@]12C)O[C@H]1C[C@H](O)[C@H](O[C@H]2C[C@H](O)[C@H](O[C@H]3C[C@H](OC(C)=O)[C@H](O)[C@@H](C)O3)[C@@H](C)O2)[C@@H](C)O1)C1=CC(=O)OC1
316,NCT02406209,DB00823,[H][C@@]12CC[C@@](OC(C)=O)(C#C)[C@@]1(C)CC[C@]1([H])[C@@]3([H])CC[C@H](OC(C)=O)C=C3CC[C@@]21[H]
317,NCT02406209,DB00597,[Gd+3].CC(O)CN1CCN(CC([O-])=O)CCN(CC([O-])=O)CCN(CC([O-])=O)CC1
318,NCT02406209,DB14637,CC(=O)OCC(=O)[C@@]1(O)CC[C@H]2[C@@H]3C[C@H](F)C4=CC(=O)C=C[C@]4(C)[C@H]3[C@@H](O)C[C@]12C
319,NCT02406209,DB01229,[H][C@]12[C@H](OC(=O)C3=CC=CC=C3)[C@]3(O)C[C@H](OC(=O)[C@H](O)[C@@H](NC(=O)C4=CC=CC=C4)C4=CC=CC=C4)C(C)=C([C@@H](OC(C)=O)C(=O)[C@]1(C)[C@@H](O)C[C@H]1OC[C@@]21OC(C)=O)C3(C)C
320,NCT02406209,DB08014,CCOC(=O)C1=CC=C(OCCCCC2CCN(CC2)C2=NN=C(C)C=C2)C=C1
321,NCT02406209,DB14644,[H][C@@]12CC[C@](O)(C(=O)COC(=O)CCC(O)=O)[C@@]1(C)C[C@H](O)[C@@]1([H])[C@@]2([H])C[C@H](C)C2=CC(=O)C=C[C@]12C
322,NCT02406209,DB05253,[H][C@@]12CC[C@](OC(C)=O)(C(=O)COC)[C@@]1(C)C[C@H](C1=CC=C(C=C1)N(C)C)C1=C3CCC(=O)C=C3CC[C@@]21[H]
323,NCT02406209,DB14648,CCC(C)(C)C(=O)O[C@H]1C[C@@H](C)C=C2C=C[C@H](C)[C@H](CC[C@@H]3C[C@H](CC(=O)O3)OC(C)=O)[C@@H]12
324,NCT02406209,DB15480,CC(=O)OC1=CC(O)=CC=C1
325,NCT04682444,DB00416,[I-].[I-].[H][C@@]12CC3=CC=C(OC4=C5C(CC[N+](C)(C)[C@]5([H])CC5=CC(OC6=C(OC)C=C(CC[N+]1(C)C)C2=C6)=C(OC)C=C5)=CC(OC)=C4OC)C=C3
326,NCT04682444,DB14492,[K+].I[I-]I
327,NCT04682444,DB13769,[I-].CC[N+](C)(CC)CCOC(C1=CC=CC=C1)C1=CC=CC=C1
328,NCT04682444,DB15961,I[Zn]I
329,NCT04682444,DB11119,[Na+].[I-]
330,NCT04682444,DB15778,I[H]
331,NCT04682444,DB00483,[I-].[I-].[I-].CC[N+](CC)(CC)CCOC1=CC=CC(OCC[N+](CC)(CC)CC)=C1OCC[N+](CC)(CC)CC
332,NCT04682444,DB04445,I[Hg]I
333,NCT04682444,DB02252,IC1=CC=CC=C1
334,NCT04682444,DB06715,[K+].[I-]
335,NCT04682444,DB12754,[I-]
336,NCT04682444,DB13666,[I-].C[N+]1(CCC(O)(C2=CC=CS2)C2=CC=CC=C2)CCOCC1
337,NCT04682444,DB09420,[123I-]
338,NCT04682444,DB13813,[H]C(I)(I)I
339,NCT04682444,DB01057,CCOP(=O)(OCC)SCC[N+](C)(C)C
340,NCT04682444,DB13702,[I-].CC[N+](C)(CC)CCSC1=NC2=CC=CC=C2N=C(C1)C1=CC=C(SC2=CC=CC=C2)C=C1
341,NCT04682444,DB09293,[131I-]
342,NCT02439216,DB15010,CC\C=C/C\C=C/C\C=C/C\C=C/C\C=C/C\C=C/CCC(=O)NCCNC(=O)C1=C(O)C=CC=C1
343,NCT02029716,DB00966,CCCC1=NC2=C(C=C(C=C2C)C2=NC3=CC=CC=C3N2C)N1CC1=CC=C(C=C1)C1=CC=CC=C1C(O)=O
344,NCT02029716,DB00128,N[C@@H](CC(O)=O)C(O)=O
345,NCT02029716,DB00275,CCCC1=NC(=C(N1CC1=CC=C(C=C1)C1=C(C=CC=C1)C1=NN=NN1)C(O)=O)C(C)(C)O
346,NCT02029716,DB15998,[K+].NC(CC([O-])=O)C(O)=O
347,NCT02029716,DB16619,[Mg++].Cl.N[C@@H](CC([O-])=O)C([O-])=O
348,NCT02029716,DB15587,O.O.O.[K+].[K+].[Sb+3].[Sb+3].[O-][C@H]([C@@H]([O-])C([O-])=O)C([O-])=O.[O-][C@H]([C@@H]([O-])C([O-])=O)C([O-])=O
349,NCT02029716,DB01857,N[C@@H](CC(=O)OP(O)(O)=O)C(O)=O
350,NCT02029716,DB09279,CCCCC1=NC(C)=C(CC(=S)N(C)C)C(=O)N1CC1=CC=C(C=C1)C1=C(C=CC=C1)C1=NN=NN1
351,NCT02029716,DB04156,N[C@@H](CC(=O)O[Be--](F)(F)F)C(O)=O
352,NCT02029716,DB13775,CC(C)(C)NCC(O)COC1=CC=CC2=C1SCCC2
353,NCT02029716,DB00678,CCCCC1=NC(Cl)=C(CO)N1CC1=CC=C(C=C1)C1=CC=CC=C1C1=NNN=N1
354,NCT02029716,DB15819,[H+].[H+].O.[K+].[K+].N[C@@H](CC([O-])=O)C([O-])=O.N[C@@H](CC([O-])=O)C([O-])=O
355,NCT02029716,DB00860,[H][C@@]12CC[C@](O)(C(=O)CO)[C@@]1(C)C[C@H](O)[C@@]1([H])[C@@]2([H])CCC2=CC(=O)C=C[C@]12C
356,NCT02029716,DB00769,[H][C@@]12CC[C@](O)(C(=O)COC(=O)CN(CC)CC)[C@@]1(C)C[C@H](O)[C@@]1([H])[C@@]2([H])CCC2=CC(=O)CC[C@]12C
357,NCT02029716,DB00174,N[C@@H](CC(N)=O)C(O)=O
358,NCT02029716,DB09459,O[C@H]([C@@H](O)C(O)=O)C(O)=O
359,NCT02029716,DB14646,[H][C@@]12CC[C@](O)(C(=O)COC(C)=O)[C@@]1(C)CC(=O)[C@@]1([H])[C@@]2([H])CCC2=CC(=O)C=C[C@]12C
360,NCT02029716,DB00370,CN1CCN2C(C1)C1=CC=CC=C1CC1=C2N=CC=C1
361,NCT02029716,DB06455,COC1=CC=CC(OC)=C1C1=CC(=NN1C1=C2C=CC(Cl)=CC2=NC=C1)C(=O)NC1(C2CC3CC(C2)CC1C3)C(O)=O
362,NCT02029716,DB13707,[Na+].[Na+].O[C@H]([C@@H](O)C([O-])=O)C([O-])=O
363,NCT02029716,DB01694,O[C@@H]([C@H](O)C(O)=O)C(O)=O
364,NCT02029716,DB15993,N[C@@H](CC(O)=O)C(O)=O.N[C@@H](CCCNC(N)=N)C(O)=O
365,NCT02029716,DB01153,ClC1=CC(Cl)=C(C=C1)C(CN1C=CN=C1)OCC1=CSC2=C1C=CC=C2Cl
366,NCT02029716,DB00303,[H][C@]12[C@@H](C)C(S[C@]3([H])CN[C@@]([H])(C3)C(=O)NC3=CC=CC(=C3)C(O)=O)=C(N1C(=O)[C@]2([H])[C@@H](C)O)C(O)=O
367,NCT02029716,DB12081,C[C@]12CC=C3[C@@H](CCC4=CC(=O)CC[C@]34C)[C@@H]1CC[C@]2(O)C(=O)CO
368,NCT02029716,DB11669,CC(C)C[C@H](NC(=O)OC(C)(C)C)[C@@H](O)C(=O)O[C@H]1[C@@H]2OC(=O)O[C@@]22[C@@H](OC(=O)C3=CC=CC=C3)[C@@H]3[C@@]4(CO[C@@H]4C[C@H](O)[C@@]3(C)C(=O)[C@H](OC(C)=O)C(=C1C)C2(C)C)OC(C)=O
369,NCT02029716,DB15033,FC1=CC=C(C=N1)C1=CC=C2C(NC3=C2C=NC=C3)=C1
370,NCT02029716,DB04498,[H][C@@](N)(CC=O)C(O)=O
371,NCT02029716,DB00177,CCCCC(=O)N(CC1=CC=C(C=C1)C1=CC=CC=C1C1=NNN=N1)[C@@H](C(C)C)C(O)=O
372,NCT02029716,DB01347,CCC1=NC(C2CC2)=C(N1CC1=CC2=C(OC(=C2Br)C2=CC=CC=C2NS(=O)(=O)C(F)(F)F)C=C1)C(N)=O
373,NCT02029716,DB00168,COC(=O)[C@H](CC1=CC=CC=C1)NC(=O)[C@@H](N)CC(O)=O
374,NCT02029716,DB16006,[Zn++].[NH3+]C(CC([O-])=O)C([O-])=O.[NH3+]C(CC([O-])=O)C([O-])=O
375,NCT02029716,DB09187,CN1CCC23NC(=O)CC(C2C1)C1=CC(Cl)=CC=C1O3
376,NCT02029716,DB13664,CC(=O)OCC(=O)[C@@]12OC(C)(C)O[C@@H]1C[C@H]1[C@@H]3CC(C=O)=C4C=C(CC[C@]4(C)[C@@]3(F)[C@@H](O)C[C@]21C)OCCCl
377,NCT02029716,DB00876,CCCCC1=NC=C(\C=C(/CC2=CC=CS2)C(O)=O)N1CC1=CC=C(C=C1)C(O)=O
378,NCT02029716,DB13919,CCOC1=NC2=CC=CC(C(O)=O)=C2N1CC1=CC=C(C=C1)C1=CC=CC=C1C1=NN=NN1
379,NCT02029716,DB06678,[H][C@]12CN(C)CCN1C1=C(CC3=CC=CC=C23)C=CC=N1
380,NCT02029716,DB04538,C[C@@H]([C@H](N)C(O)=O)C(O)=O
381,NCT02029716,DB13359,O.O.O.O.[Mg++].N[C@@H](CC(O)=O)C([O-])=O.N[C@@H](CC(O)=O)C([O-])=O
382,NCT02029716,DB01342,CCCCC1=NN(CC2=CN=C(C=C2)C2=CC=CC=C2C2=NNN=N2)C(CCCC)=N1
383,NCT02029716,DB00310,NS(=O)(=O)C1=C(Cl)C=CC(=C1)C1(O)NC(=O)C2=CC=CC=C12
384,NCT02029716,DB01349,CC1=NC(C)=C2CCC(=O)N(CC3=CC=C(C=C3)C3=CC=CC=C3C3=NNN=N3)C2=N1
385,NCT02029716,DB05288,[H][C@@]12CC[C@](O)(C(=O)COC(C)=O)[C@@]1(C)CC=C1[C@@]2([H])CCC2=CC(=O)CC[C@]12C
386,NCT02029716,DB08822,CCOC1=NC2=C(N1CC1=CC=C(C=C1)C1=CC=CC=C1C1=NOC(=O)N1)C(=CC=C2)C(=O)OCC1=C(C)OC(=O)O1
387,NCT02029716,DB01029,CCCCC1=NC2(CCCC2)C(=O)N1CC1=CC=C(C=C1)C1=CC=CC=C1C1=NNN=N1
388,NCT02029716,DB13220,[Fe++].N[C@@H](CC([O-])=O)C([O-])=O
389,NCT02029716,DB14914,[18F]C1=CC=C(C=N1)C1=CC=C2C(NC3=C2C=NC=C3)=C1
390,NCT02029716,DB04785,[H][C@@]1([C@H](C)C(=O)NC)N([C@@H]2CC[C@H](O)[C@H](C)O2)C(=O)\C(=C(\O)/C=C/C(/C)=C/[C@@H](C)[C@@]2([H])O[C@@]3(C)O[C@H](C=C[C@@]33CO3)[C@@H]2C)C1=O
391,NCT02029716,DB14756,O[C@@H]([C@@H](O)C(O)=O)C(O)=O
392,NCT02029716,DB00796,CCOC1=NC2=C(N1CC1=CC=C(C=C1)C1=CC=CC=C1C1=NN=NN1)C(=CC=C2)C(=O)OC(C)OC(=O)OC1CCCCC1
393,NCT03243838,DB14765,O=C(NC1=CC=C(C=C1)C1(CCCC1)C#N)C1=CC=CN=C1NCC1=CC=NC=C1
394,NCT03243838,DB01259,CS(=O)(=O)CCNCC1=CC=C(O1)C1=CC2=C(C=C1)N=CN=C2NC1=CC(Cl)=C(OCC2=CC(F)=CC=C2)C=C1
395,NCT01666444,DB00681,[H][C@]12C[C@@H](O[C@@H]3O[C@H](C)[C@@H](O)[C@H](N)[C@@H]3O)\C=C\C=C\C=C\C=C\C=C\C=C\C=C\[C@H](C)[C@@H](O)[C@@H](C)[C@H](C)OC(=O)C[C@H](O)C[C@H](O)CC[C@@H](O)[C@H](O)C[C@H](O)C[C@](O)(C[C@H](O)[C@H]1C(O)=O)O2
396,NCT01666444,DB00997,COC1=CC=CC2=C1C(=O)C1=C(O)C3=C(C[C@](O)(C[C@@H]3O[C@H]3C[C@H](N)[C@H](O)[C@H](C)O3)C(=O)CO)C(O)=C1C2=O
397,NCT01666444,DB12755,[H]OC[C@H](NC(=O)[C@H](CC1=CN([H])C2=C1C=CC=C2)NC(=O)[C@H](CC1=CN=CN1)NC(=O)[C@@H]1CCC(=O)N1)C(=O)N[C@@H](CC1=CC=C(O[H])C=C1)C(=O)N[C@H](CCCCNC(=O)CCCC(=O)OCC(=O)[C@@]1(O)C[C@H](O[C@@]2([H])C[C@H](N)[C@H](O)[C@H](C)O2)C2=C(O)C3=C(C(O)=C2C1)C(=O)C1=CC=CC(OC)=C1C3=O)C(=O)N[C@@H](CC(C)C)C(=O)N[C@@H](CCCNC(N)=N)C(=O)N1CCC[C@H]1C(=O)NCC(N)=O
398,NCT01666444,DB05706,COC1=C2C(=O)C3=C(O)C4=C(C[C@@](O)(CCO)C[C@@H]4O[C@H]4C[C@H](N)[C@H](O)[C@H](C)O4)C(O)=C3C(=O)C2=CC=C1
399,NCT01666444,DB06420,C[C@@H]1O[C@@H](O[C@H]2C[C@@](O)(CC3=C2C(O)=C2C(=O)C4=CC=CC=C4C(=O)C2=C3O)C(=O)CO)[C@H](I)[C@H](O)[C@H]1O
400,NCT01666444,DB06013,COC1=C2C(=O)C3=C(O)C4=C(C[C@](O)(C[C@@H]4O[C@H]4C[C@H](N)[C@H](O)[C@H](C)O4)C(\CO)=N\NC(=O)CCCCCN4C(=O)C=CC4=O)C(O)=C3C(=O)C2=CC=C1
401,NCT01666444,DB11616,[H][C@]1(N)C[C@]([H])(O[C@@]2([H])C[C@@](O)(CC3=C(O)C4=C(C(O)=C23)C(=O)C2=C(C=CC=C2OC)C4=O)C(=O)CO)O[C@@]([H])(C)[C@@]1([H])O[C@]1([H])CCCCO1
402,NCT03359018,DB14765,O=C(NC1=CC=C(C=C1)C1(CCCC1)C#N)C1=CC=CN=C1NCC1=CC=NC=C1
403,NCT03359018,DB01259,CS(=O)(=O)CCNCC1=CC=C(O1)C1=CC2=C(C=C1)N=CN=C2NC1=CC(Cl)=C(OCC2=CC(F)=CC=C2)C=C1
404,NCT03765554,DB16403,[H][C@@]1(O[C@@H](OC2=C(OC3=C(C(O)=CC(O)=C3)C2=O)C2=CC=C(O)C(O)=C2)[C@H](O)[C@H]1O)[C@H](O)CO
405,NCT03765554,DB04439,[H][C@]1(C)O[C@]([H])(O[C@]2([H])C(CO)=C[C@]([H])(N[C@]3([H])[C@@]([H])(C)O[C@]([H])(O[C@]4([H])[C@@]([H])(CO)O[C@]([H])(O[C@]5([H])[C@@]([H])(CO)O[C@]([H])(O)[C@]([H])(O)[C@@]5([H])O)[C@]([H])(O)[C@@]4([H])O)[C@]([H])(O)[C@@]3([H])O)[C@]([H])(O)[C@@]2([H])O)[C@]([H])(O)[C@@]([H])(O)[C@]1([H])O
406,NCT03765554,DB03371,[H][C@](N)(CCC(=O)O[C@@]1([H])O[C@]([H])(CO)[C@@]([H])(O)[C@]1(O)F)C(O)=O
407,NCT03765554,DB15003,CN1C=C(NC2=NC=CC(=N2)N2C[C@@H]3CC[C@H](C2)N3C(=O)[C@@H]2CC2(F)F)C=N1
408,NCT03765554,DB03617,[H][C@]1(C)O[C@]([H])(O[C@]2([H])[C@@]([H])(CO)O[C@]([H])(O[C@]3([H])C(CO)=C[C@]([H])(N[C@]4([H])[C@@]([H])(C)O[C@]([H])(O[C@]5([H])[C@@]([H])(CO)O[C@]([H])(O[C@]6([H])[C@@]([H])(C)O[C@@]([H])(O)[C@]([H])(O)[C@@]6([H])O)[C@]([H])(O)[C@@]5([H])O)[C@]([H])(O)[C@@]4([H])O)[C@]([H])(O)[C@@]3([H])O)[C@]([H])(O)[C@@]2([H])O)[C@]([H])(O)[C@@]([H])(O)[C@]1([H])O
409,NCT03765554,DB09099,C[C@@H](O)[C@@H]1NC(=O)[C@H](CC2=CC=CC=C2)NC(=O)[C@@H](NC(=O)[C@H](CCCCN)NC(=O)[C@H](CC2=CNC3=C2C=CC=C3)NC(=O)[C@H](CC2=CC=CC=C2)NC(=O)[C@H](CC2=CC=CC=C2)NC(=O)[C@H](CC(N)=O)NC(=O)[C@H](CCCCN)NC(=O)[C@H](CSSC[C@H](NC(=O)[C@H](CO)NC1=O)C(O)=O)NC(=O)CNC(=O)[C@H](C)N)[C@@H](C)O
410,NCT02342587,DB01259,CS(=O)(=O)CCNCC1=CC=C(O1)C1=CC2=C(C=C1)N=CN=C2NC1=CC(Cl)=C(OCC2=CC(F)=CC=C2)C=C1
411,NCT00566410,DB08809,OC(=O)C(Cl)Cl
412,NCT02436408,DB08828,CS(=O)(=O)C1=CC(Cl)=C(C=C1)C(=O)NC1=CC=C(Cl)C(=C1)C1=CC=CC=N1
413,NCT04682873,DB00416,[I-].[I-].[H][C@@]12CC3=CC=C(OC4=C5C(CC[N+](C)(C)[C@]5([H])CC5=CC(OC6=C(OC)C=C(CC[N+]1(C)C)C2=C6)=C(OC)C=C5)=CC(OC)=C4OC)C=C3
414,NCT04682873,DB14492,[K+].I[I-]I
415,NCT04682873,DB13769,[I-].CC[N+](C)(CC)CCOC(C1=CC=CC=C1)C1=CC=CC=C1
416,NCT04682873,DB15961,I[Zn]I
417,NCT04682873,DB11119,[Na+].[I-]
418,NCT04682873,DB15778,I[H]
419,NCT04682873,DB00483,[I-].[I-].[I-].CC[N+](CC)(CC)CCOC1=CC=CC(OCC[N+](CC)(CC)CC)=C1OCC[N+](CC)(CC)CC
420,NCT04682873,DB04445,I[Hg]I
421,NCT04682873,DB02252,IC1=CC=CC=C1
422,NCT04682873,DB06715,[K+].[I-]
423,NCT04682873,DB12754,[I-]
424,NCT04682873,DB13666,[I-].C[N+]1(CCC(O)(C2=CC=CS2)C2=CC=CC=C2)CCOCC1
425,NCT04682873,DB09420,[123I-]
426,NCT04682873,DB13813,[H]C(I)(I)I
427,NCT04682873,DB01057,CCOP(=O)(OCC)SCC[N+](C)(C)C
428,NCT04682873,DB13702,[I-].CC[N+](C)(CC)CCSC1=NC2=CC=CC=C2N=C(C1)C1=CC=C(SC2=CC=CC=C2)C=C1
429,NCT04682873,DB09293,[131I-]
430,NCT01609595,DB00641,[H][C@]12[C@H](C[C@@H](C)C=C1C=C[C@H](C)[C@@H]2CC[C@@H]1C[C@@H](O)CC(=O)O1)OC(=O)C(C)(C)CC
431,NCT01609595,DB08556,CC(=O)C1=CC=C(S1)C1=CC(NS(=O)(=O)C2=CC=C(C)C=C2C)=C(S1)C(O)=O
432,NCT01609595,DB00974,OC(=O)CN(CCN(CC(O)=O)CC(O)=O)CC(O)=O
433,NCT01609595,DB04591,[H][C@@]1(CCCCN1)C(F)(F)CNC1=NC=CC2=C1N=C(CC1=CC=CC=C1N1C=NC=N1)O2
434,NCT01609595,DB09449,[Na+].OP(O)([O-])=O
435,NCT01609595,DB15952,[Na+].[O-][N+]([O-])=O
436,NCT01609595,DB04722,C[C@@H](NC(=O)CC1=C(Cl)C=C\C(=N/CC(F)(F)C2=CC=CC=[N+]2[O-])N1O)C1=CC(Cl)=CC=C1
437,NCT01609595,DB01563,OC(O)C(Cl)(Cl)Cl
438,NCT01609595,DB13747,OCCN(CCO)CCO
439,NCT01609595,DB04461,CC1=C2CC3=C(C)C(CCC(O)=O)=C(CC4=C(CCC(O)=O)C(C)=C(CC5=C(CCC(O)=O)C(C)=C(CC(N2)=C1CCC(O)=O)N5)N4)N3
440,NCT01609595,DB07587,[H][C@@](CS(=O)(=O)C[C@]1([H])CCC(=O)N1)(N[C@@]([H])(C1=CC=C(F)C=C1)C(F)(F)F)C(=O)NC1(CC1)C#N
441,NCT01609595,DB07059,CCC1=NC(N)=NC(N)=C1C1=CC2=C(OC(C)(C)C(=O)N2CCNC(C)=O)C=C1
442,NCT01609595,DB01195,FC(F)(F)COC1=CC(C(=O)NCC2CCCCN2)=C(OCC(F)(F)F)C=C1
443,NCT01609595,DB03429,CCCCCCCCCCCCCCCCCC(=O)OC[C@H](COP(O)(=O)OCC(O)COP(O)(=O)OC[C@@H](COC(=O)CCCCCCCCCCCCCCCCC)OC(=O)CCCCCCCCCCCCCCCCC)OC(=O)CCCCCCCCCCCCCCCCC
444,NCT01609595,DB09280,CC1=CC=C(NC(=O)C2(CC2)C2=CC=C3OC(F)(F)OC3=C2)N=C1C1=CC(=CC=C1)C(O)=O
445,NCT01609595,DB13743,O.O.[Na+].[Na+].[Na+].[Au+].[O-]S([S-])(=O)=O.[O-]S([S-])(=O)=O
446,NCT01609595,DB14015,[Na+].OS([O-])=O
447,NCT01609595,DB13911,[Na+].[Na+].[O-]C(=O)C1=C(Cl)C(Cl)=C(Cl)C(Cl)=C1C1=C2C=C(Br)C(=O)C(Br)=C2OC2=C1C=C(Br)C([O-])=C2Br
448,NCT01609595,DB00771,C[N@@+]12CC[C@@H](CC1)C(C2)OC(=O)C(O)(C1=CC=CC=C1)C1=CC=CC=C1
449,NCT01609595,DB04458,CC(NC(=O)[C@@]1([C@@H](C)C1(Cl)Cl)[S@](C)=O)C1=CC=C(Br)C=C1
450,NCT01609595,DB14105,[Na+].[H][C@@](COC(=O)CCCCCCCCCCCCCCC)(COP([O-])(=O)OCC(O)CO)OC(=O)CCCCCCCCCCCCCCC
451,NCT01609595,DB09472,[Na+].[Na+].[O-]S([O-])(=O)=O
452,NCT01609595,DB04258,[H][C@@]1(CC[C@@]2([H])\C(CCC[C@]12C)=C\C=C1\C[C@@H](O)C[C@H](O)C1=C)[C@H](C)\C=C\C=C\C(O)(CC)CC
453,NCT01609595,DB00202,C[N+](C)(C)CCOC(=O)CCC(=O)OCC[N+](C)(C)C
454,NCT01609595,DB04930,CC1(C)C(C=C(Cl)Cl)C1C(=O)OCC1=CC(OC2=CC=CC=C2)=CC=C1
455,NCT01609595,DB07559,C\C(O)=C(/C#N)C(=O)NC1=CC(Cl)=C(C=C1)C1=CC=CC=C1Cl
456,NCT01609595,DB08733,[H][C@@](CNC(=O)C1=NC=CS1)(C(=O)NO)[C@@]([H])(CC(C)C)C(=O)N[C@]([H])(C(=O)NC)C(C)(C)C
457,NCT01609595,DB11493,[Na+].[Na+].[Na+].[Na+].[Na+].[O-]P([O-])(=O)OP([O-])(=O)OP([O-])([O-])=O
458,NCT01609595,DB01912,[Cl-].[Pt++].C1=CC=C(N=C1)C1=CC=CC(=N1)C1=CC=CC=N1
459,NCT01609595,DB06899,CCC1=NC(N)=NC(N)=C1C1=CC=C2SC(C)(C)C(=O)N(CCNC(C)=O)C2=C1
460,NCT01609595,DB07383,[H][C@@](CC1=CC=CC=C1)(NC(C)=O)C(O)(O)C(F)(F)F
461,NCT01609595,DB14502,[Na+].[Na+].OP([O-])([O-])=O
462,NCT01609595,DB08270,[H][C@@](CC(C)C)(N[C@@]([H])(C1=CC=C(C=C1)C1=CC=C(C=C1)S(N)(=O)=O)C(F)(F)F)C(=O)NCCN
463,NCT01609595,DB09460,[Na+].[Na+].[O-]C([O-])=O
464,NCT01609595,DB00888,CN(CCCl)CCCl
465,NCT01609595,DB06703,OC[C@H](O)[C@H](CO)[N+]12CC[N+]3(CC([O-])=O)CC[N+]4(CC([O-])=O)CC[N+](CC([O-])=O)(CC1)[Gd-]234
466,NCT01609595,DB09154,[Na+].[Na+].[Na+].OC(CC([O-])=O)(CC([O-])=O)C([O-])=O
467,NCT01609595,DB08676,[H][C@]12CCN(C1=O)C1=CC=CC3=C1C=C(OC1([H])CC(CN4C=NC=C4CCN2)=CC[C@]1([H])C#N)C=C3
468,NCT01609595,DB02118,[H][C@@]1(CN(CC2=CC=CC=C2)C(=O)CO1)C1=CC2=C(C=C1)N(C)S(=O)(=O)C2
469,NCT01609595,DB00587,CCC(CC)(CC(=O)NC1=CC(\C=C\C2=NC(=CS2)C2CCC2)=CC=C1)C(O)=O
470,NCT01609595,DB09332,[Na+].[Na+].[Na+].[Na+].CC1=C(OP([O-])([O-])=O)C2=CC=CC=C2C(OP([O-])([O-])=O)=C1
471,NCT01609595,DB00446,OC[C@@H](NC(=O)C(Cl)Cl)[C@H](O)C1=CC=C(C=C1)[N+]([O-])=O
472,NCT01609595,DB11473,COP(=O)(OC)C(O)C(Cl)(Cl)Cl
473,NCT01609595,DB09448,[Na+].[O-]C(=O)CNC(=O)C1=CC=CC=C1[123I]
474,NCT01609595,DB14622,O.O.O.O.O.O.O.O.O.O.O.O.[Na+].[Na+].[Na+].[O-]P([O-])([O-])=O
475,NCT01609595,DB00556,FC(F)(F)C(F)(F)C(F)(F)F
476,NCT01609595,DB03359,C[N+](C)(C)C1=CC=CC(=C1)C(O)(O)C(F)(F)F
477,NCT01609595,DB07515,CC1N[C@@H](N)CCC1CNCCN1C(O)C(NCC(F)(F)C2=CC=CC=N2)=NC=C1Cl
478,NCT01609595,DB01663,CC1=CC2=C3C=C(CCCCCCCCC(=O)N[C@H]4[C@H]5C[C@@H]6C[C@@H](C[C@H]4C6)C5)C=CN3[Ru++]34(N5C=CC=CC5=C5C=CC=CN35)(N3C=CC=CC3=C3C=CC=CN43)N2C=C1
479,NCT01609595,DB08994,OCCN(CCO)C1=NC(=C(O1)C1=CC=CC=C1)C1=CC=CC=C1
480,NCT01609595,DB01189,FC(F)OC(F)C(F)(F)F
481,NCT01609595,DB16585,[Na+].[Na+].[Na+].[K+].[K+].[K+].[H]O[H].OC(CC([O-])=O)(CC([O-])=O)C([O-])=O.OC(CC([O-])=O)(CC([O-])=O)C([O-])=O
482,NCT01609595,DB09484,[Na+].[Na+].[O-]P([O-])(F)=O
483,NCT01609595,DB02935,COCCOCCOC
484,NCT01609595,DB07068,CCOC(=O)C(CCNC(=O)OC(C)(C)C)(CC1=CC=C(NS(O)(=O)=O)C=C1)C(=O)OCC
485,NCT01609595,DB09370,[Na+].[Na+].O[32P]([O-])([O-])=O
486,NCT01609595,DB07624,[H][C@@]1(C)CN(CC2(CC2)C(N)=O)CCN1S(=O)(=O)C1=CC=C(C=C1)[C@](C)(O)C(F)(F)F
487,NCT01609595,DB15908,[OH-].[Na+].[Al+3].[O-]C([O-])=O.OCC(O)C(O)C(O)C(O)CO
488,NCT01609595,DB15835,[Na+].[Na+].[H][C@@]12C[C@@]3([H])[C@]4([H])CCC5=CC(=O)C=C[C@]5(C)[C@@]4([H])[C@@H](O)C[C@]3(C)[C@@]1(OC(C)(C)O2)C(=O)COP([O-])([O-])=O
489,NCT01609595,DB14516,[Na+]
490,NCT01609595,DB07094,NCC1=CC=C(S1)C1=CC=CS1
491,NCT01609595,DB16608,[Na+].[O-][Cl](=O)(=O)=O
492,NCT01609595,DB08408,[H][C@](O)(C(=O)NCCC(=O)NCCS)C(C)(C)COC(=O)C(C)(C)C
493,NCT01609595,DB08217,CC1(C)C=C(CSS(C)(=O)=O)C(C)(C)N1O
494,NCT01609595,DB14505,[Na+].[Na+].[O-]B1OB2OB([O-])OB(O1)O2
495,NCT01609595,DB11221,COC1=CC(O)=C(C=C1)C(=O)C1=CC=CC=C1O
496,NCT01609595,DB02408,[H][C@](N)(CCCC)C(O)(O)CNC1CC1
497,NCT01609595,DB02350,[H][C@@]1(N(CCCSC1(C)C)S(=O)(=O)C1=CC=C(OC)C=C1)C(=O)NO
498,NCT01609595,DB03871,[Ru+3].[N-]1C=CN=C1.C1=CC=C(N=C1)C1=CC=CC=N1.C1=CC=C(N=C1)C1=CC=CC=N1
499,NCT01609595,DB07503,FC1(F)OC2=C(O1)C=C(\C=C1/SC(=O)NC1=O)C=C2
500,NCT01609595,DB07589,[H][C@@](CS(=O)(=O)CC1=CC=CC=C1)(N[C@@]([H])(C1=CC=C(O)C=C1)C(F)(F)F)C(=O)NC1(CN)CC1
501,NCT01609595,DB14702,[Na+].[O-][V](=O)=O
502,NCT01609595,DB11413,CS(=O)(=O)C1=CC=C(C=C1)[C@@H](O)[C@@H](CF)NC(=O)C(Cl)Cl
503,NCT01609595,DB08617,[H][C@](N)(CC1=CC=C(CC(F)(F)F)C=C1)C(O)=O
504,NCT01609595,DB04813,OC1=C(SC2=C(O)C(Cl)=CC(Cl)=C2)C=C(Cl)C=C1Cl
505,NCT01609595,DB07520,[H][C@@](CS(=O)(=O)N1CCOCC1)(N[C@@]([H])(C1=CC=C(F)C=C1)C(F)(F)F)C(=O)NC1(CN)CC1
506,NCT01609595,DB07034,ON=C1C2=CC(OCC(O)=O)=CC=C2C2=C1C=C(OCC(O)=O)C=C2
507,NCT01609595,DB13707,[Na+].[Na+].O[C@H]([C@@H](O)C([O-])=O)C([O-])=O
508,NCT01609595,DB03232,CC(C)=CCC\C(C)=C\CC\C(C)=C\CC\C(C)=C\CC\C(C)=C\CC\C(C)=C\CC\C(C)=C\CC\C(C)=C\CC1=CC=CC=C1O
509,NCT01609595,DB08548,CC1(C)OC[C@H](COP(O)(=O)CCCCC=C)O1
510,NCT01609595,DB03040,OC(=O)CN(CC(O)=O)CC(O)=O
511,NCT01609595,DB07316,C[C@](O)(C1=CC=C(C=C1)C(=O)N(C1CC1)C1CCN(CC2(CC2)C(N)=O)CC1)C(F)(F)F
512,NCT01609595,DB03648,[H]N([H])CCCC[C@H](N([H])C(=O)[C@@H](CCCC)CN([H])N([H])C[C@@H](CCCC)C(=O)N([H])[C@@H](CCCCN([H])[H])C(=O)N([H])C1=CC=CC=C1)C(=O)N([H])C1=CC=CC=C1
513,NCT01609595,DB14482,[Na+].[H][C@@]1(OC(=O)C(O)=C1[O-])[C@@H](O)CO
514,NCT01609595,DB01597,CC1(C)C[C@@H]1C(=O)N\C(=C/CCCCSC[C@H](N)C(O)=O)C(O)=O
515,NCT01609595,DB07174,CCC1=C(C(N)=NC(N)=N1)C1=CC=C2OC(C)(C)C(=O)N(CCCOC)C2=C1
516,NCT01609595,DB02650,[H]C(=O)C(Cl)(Cl)Cl
517,NCT01609595,DB00753,FC(F)OC(Cl)C(F)(F)F
518,NCT01609595,DB09325,[F-].[Na+]
519,NCT01609595,DB01227,CC[C@H](OC(C)=O)C(C[C@H](C)N(C)C)(C1=CC=CC=C1)C1=CC=CC=C1
520,NCT01609595,DB07082,OC(C1=CC=C(NCC(F)(F)F)C=C1)(C(F)(F)F)C(F)(F)F
521,NCT01609595,DB01159,[H]C(Cl)(Br)C(F)(F)F
522,NCT01609595,DB13210,[Na+].[O-][Cl]=O
523,NCT01609595,DB05351,CC1=C(OCC(F)(F)F)C=CN=C1C[S@@](=O)C1=NC2=CC=CC=C2N1
524,NCT01609595,DB08227,CC1(C)CC(CC(C)(C)N1O)N1C(=O)CCC1=O
525,NCT01609595,DB01241,CC1=CC(OCCCC(C)(C)C(O)=O)=C(C)C=C1
526,NCT01609595,DB01081,CCOC(=O)C1(CCN(CCC(C#N)(C2=CC=CC=C2)C2=CC=CC=C2)CC1)C1=CC=CC=C1
527,NCT01609595,DB03492,C1=CN(C=N1)[Os++]123[N]4=CC=CC=C4C4=[N]1C=CC=C4.C1=CC(C4=CC=CC=[N]24)=[N]3C=C1
528,NCT01609595,DB07548,[H]N(CC1=C(F)C=CC=N1)C(=O)CN1C(C)=CN=C(N([H])CC(F)(F)C2=CC=CC=N2)C1=O
529,NCT01609595,DB03678,C[C@H](NC1=NC=NC2=C1C=C(F)C(F)=C2)C(C1=CC=CC=C1)C1=CC=CC=C1
530,NCT01609595,DB01390,[Na+].OC([O-])=O
531,NCT01609595,DB07821,[H][C@](C)(O[P@]([H])(C)=O)C(C)(C)C
532,NCT01609595,DB14638,CN(C(=O)C(Cl)Cl)C1=CC=C(OC(=O)C2=CC=CO2)C=C1
533,NCT01609595,DB06705,[Na+].[Na+].[Na+].[Gd+3].[O-]C(=O)CN(CCN(CC([O-])=O)CC([O-])=O)C[C@H](COP([O-])(=O)OC1CCC(CC1)(C1=CC=CC=C1)C1=CC=CC=C1)N(CC([O-])=O)CC([O-])=O
534,NCT01609595,DB00921,CO[C@]12CC[C@@]3(C[C@@H]1[C@](C)(O)C(C)(C)C)[C@H]1CC4=C5C(O[C@@H]2[C@@]35CCN1CC1CC1)=C(O)C=C4
535,NCT01609595,DB13157,[Na+].CCCCCCCCCCCCOC(=O)CS([O-])(=O)=O
536,NCT01609595,DB06797,CCC(C)C(C)(COC(N)=O)COC(N)=O
537,NCT01609595,DB13381,[Na+].[O-]C(=O)C[N+]12CC[N+]34CC(=O)O[Fe--]13(OC(=O)C2)OC(=O)C4
538,NCT01609595,DB09319,[H][C@]12SC(C)(C)[C@@H](N1C(=O)[C@H]2NC(=O)C(C(=O)OC1=CC2=C(CCC2)C=C1)C1=CC=CC=C1)C(O)=O
539,NCT01609595,DB15842,[Na+].[Na+].[O-]S(=O)S([O-])(=O)=O
540,NCT01609595,DB07555,[H][C@](OCC[As+](C)(C)C)(C1=CC=CC=C1[N+](O)=O)C(F)(F)F
541,NCT01609595,DB01529,C[C@H](CN1CCOCC1)C(C(=O)N1CCCC1)(C1=CC=CC=C1)C1=CC=CC=C1
542,NCT01609595,DB11397,COP(=O)(OC)OC=C(Cl)Cl
543,NCT01609595,DB07036,[H][C@@]12CC(F)(F)C[C@]1([H])[C@@]([H])(OC1=C2C=C(O)C=C1COC)C1=CC=C(O)C=C1
544,NCT01609595,DB14038,[H][C@@]1(CC[C@@]2([H])[C@]3([H])CC=C4C[C@@H](O)CC[C@]4(C)[C@@]3([H])CC[C@]12C)[C@H](C)CC[C@@H](CC)C(C)C
545,NCT01609595,DB07964,[H][C@]1(N(CCSC1(C)C)S(=O)(=O)C1=CC=C(OCC#CC)C=C1)C(=O)NO
546,NCT01609595,DB08456,CC1(C)N(O)C(C)(C)C(=C1CSS(C)(=O)=O)C1=CC=CC=C1
547,NCT01609595,DB07665,[H]N([H])C(=NOCCN([H])C(=O)CC1=C(C=CC(N([H])CC(F)(F)C2=CC=CC=N2)=C1F)C#N)N([H])[H]
548,NCT01609595,DB14048,[Na+].[Na+].[Zr].[O-][Si]1([O-])O[Si]([O-])([O-])O[Si]([O-])([O-])O1
549,NCT01609595,DB05885,CC[C@H](N1C[C@@H](CC1=O)C=C(F)F)C(N)=O
550,NCT01609595,DB13957,COC1=CC(\C=N\N(C(=O)C(F)(F)F)C2=C(C)C=C(C)C=C2)=CC=C1
551,NCT01609595,DB00739,[H][C@]12SC(C)(C)[C@@H](N1C(=O)[C@H]2N1C(=O)[C@H](NC1(C)C)C1=CC=CC=C1)C(O)=O
552,NCT01609595,DB09276,[Na+].[Na+].[O-]C(=O)CC(S[Au])C([O-])=O
553,NCT01609595,DB07271,N[C@@H](CC(=O)N1CCCNC(=O)C1CC(F)(F)F)CC1=C(F)C=C(F)C(F)=C1
554,NCT01609595,DB00330,CC[C@@H](CO)NCCN[C@@H](CC)CO
555,NCT01609595,DB01199,[H][C@@]12CC3=CC=C(OC4=C5C(CC[N+](C)(C)[C@]5([H])CC5=CC(OC6=C(OC)C=C(CCN1C)C2=C6)=C(O)C=C5)=CC(OC)=C4O)C=C3
556,NCT01609595,DB15951,[Na+].[Na+].[O-]S(=O)(=O)C1=CC=C2NC3=CC4=NC5=CC(=CC=C5NC4=CC3=NC2=C1)S([O-])(=O)=O
557,NCT01609595,DB03546,[H][C@@](CCC(O)=O)(NC(=O)C1=CC=C(C=C1)[C@@]([H])(CCCC1C(O)=N[C@]([H])(N)N[C@]1([H])N)C(O)(O)C(F)(F)F)C(O)=O
558,NCT01609595,DB09517,[O--].[O--].[O--].[Na+].[Fe+3].[Fe+3].OC[C@@H](O)[C@@H](O)[C@H](O)[C@@H](O)C([O-])=O.OC[C@H]1O[C@@](CO)(O[C@H]2O[C@H](CO)[C@@H](O)[C@H](O)[C@H]2O)[C@@H](O)[C@@H]1O.OC[C@H]1O[C@@](CO)(O[C@H]2O[C@H](CO)[C@@H](O)[C@H](O)[C@H]2O)[C@@H](O)[C@@H]1O.OC[C@H]1O[C@@](CO)(O[C@H]2O[C@H](CO)[C@@H](O)[C@H](O)[C@H]2O)[C@@H](O)[C@@H]1O.OC[C@H]1O[C@@](CO)(O[C@H]2O[C@H](CO)[C@@H](O)[C@H](O)[C@H]2O)[C@@H](O)[C@@H]1O.OC[C@H]1O[C@@](CO)(O[C@H]2O[C@H](CO)[C@@H](O)[C@H](O)[C@H]2O)[C@@H](O)[C@@H]1O
559,NCT01609595,DB05592,CN(C)CC1CCOC1(C1=CC=CC=C1)C1=CC=CC=C1
560,NCT01609595,DB07127,CC1=NC(=NO1)C(CC1=CC=CC=C1)(CC1=CC=C(NS(O)(=O)=O)C=C1)C1=NOC(C)=N1
561,NCT01609595,DB02946,CC[C@]1([C@@H](C)C1(Cl)Cl)C(=O)N[C@H](C)C1=CC=C(Cl)C=C1
562,NCT01609595,DB11151,[OH-].[Na+]
563,NCT01609595,DB07549,CC1=C[NH+]=C(NCC(F)(F)C2=[NH+]C=CC=C2)C(=O)N1CC(=O)NCC1=C(F)C(C)=CC=N1
564,NCT01609595,DB09153,[Na+].[Cl-]
565,NCT01609595,DB07619,[H][C@@]1(CC[C@@]([H])(CC1)C1=CC=CN=C1)N(C1CC1)C(=O)C1=CC=C(C=C1)[C@](C)(O)C(F)(F)F
566,NCT01609595,DB00464,[Na+].CCCCC(CC)CCC(CC(C)C)OS([O-])(=O)=O
567,NCT01609595,DB08089,FC(F)(F)CN(CC(F)(F)F)C1=CC2=C(NC(=O)C=C2C(F)(F)F)C=C1
568,NCT01609595,DB11396,OC1=CC=C(Cl)C=C1CC1=CC(Cl)=CC=C1O
569,NCT01609595,DB07159,COC1=CC(NC2=NC=C(F)C(NC3=CC=C4OC(C)(C)C(=O)NC4=N3)=N2)=CC(OC)=C1OC
570,NCT01609595,DB14599,[Na+].[Na+].[Cu++].[O-]C(=O)CN(CCN(CC([O-])=O)CC([O-])=O)CC([O-])=O
571,NCT01609595,DB02433,[H][C@@](O)(COP(O)(O)=O)[C@@]([H])(O)[C@]([H])(O)[C@]([H])(O)CN(CC(O)O)CP(O)(O)=O
572,NCT01609595,DB11932,CC1=CC=C(N=C1)C1=CC=C(C)C=N1
573,NCT01609595,DB14629,CC(=O)OCC(F)(F)F
574,NCT01609595,DB08124,O=C1NC2=CC=C(C=C2\C1=C\NC1=CC2=C(CS(=O)(=O)C2)C=C1)C1=CN=CO1
575,NCT01609595,DB00815,[Na+].CCCCCCCCCCCCOS([O-])(=O)=O
576,NCT01609595,DB08475,CC1(C)OC[C@@H](COP(O)(=O)CCCCC=C)O1
577,NCT01609595,DB07638,[H][C@@]12CC(F)(F)C[C@]1([H])[C@@]([H])(OC1=C2C=C(O)C=C1)C1=CC=C(O)C=C1
578,NCT01609595,DB05630,O.O.O.O.O.O.O.O.O.[Na+].[Na+].[Na+].[H][C@@]1(O[Sb]2(O)(O[Sb]34([O-])O[C@@H](C([O-])=O)[C@@]([H])(O3)[C@]([H])(O4)[C@H](O)CO)O[C@@H](C([O-])=O)[C@@]1([H])O2)[C@H](O)CO
579,NCT01609595,DB13008,CC(C)(C)C1=CC(=CC=C1O)C(C)(C)C1=CC=C(O)C(=C1)C(C)(C)C
580,NCT01609595,DB14598,[Na+].[Na+].[Ca++].[O-]C(=O)CN(CCN(CC([O-])=O)CC([O-])=O)CC([O-])=O
581,NCT01609595,DB00559,COC1=CC=CC=C1OC1=C(NS(=O)(=O)C2=CC=C(C=C2)C(C)(C)C)N=C(N=C1OCCO)C1=NC=CC=N1
582,NCT01609595,DB09382,[Na+].[O-]C(=O)CNC(=O)C1=C([131I])C=CC=C1
583,NCT01609595,DB00385,[H][C@@]1(C[C@@](O)(CC2=C(O)C3=C(C(O)=C12)C(=O)C1=C(OC)C=CC=C1C3=O)C(=O)COC(=O)CCCC)O[C@H]1C[C@H](NC(=O)C(F)(F)F)[C@H](O)[C@H](C)O1
584,NCT01609595,DB14201,S(SC1=NC2=CC=CC=C2S1)C1=NC2=CC=CC=C2S1
585,NCT01609595,DB09183,COC1=C(C=C(C=C1C1=CC2=CC=C(NS(C)(=O)=O)C=C2C=C1)N1C=CC(=O)NC1=O)C(C)(C)C
586,NCT01609595,DB11119,[Na+].[I-]
587,NCT01609595,DB01635,CC1(C)N[C@@H](CS1)C(O)=O
588,NCT01609595,DB01028,COC(F)(F)C(Cl)Cl
589,NCT01609595,DB14083,CC(C)(C1=CC=C(OCC2CO2)C=C1)C1=CC=C(OCC2CO2)C=C1
590,NCT01609595,DB09561,[Na+].[Na+].OCC(O)COP([O-])([O-])=O
591,NCT01609595,DB00628,OC(=O)C1N=C(C2=CC=CC=C2)C2=C(NC1=O)C=CC(Cl)=C2
592,NCT01609595,DB03588,OC(=O)C(C1=CC=CC=C1)C1=CC=CC=C1
593,NCT01609595,DB00756,OC1=C(CC2=C(O)C(Cl)=CC(Cl)=C2Cl)C(Cl)=C(Cl)C=C1Cl
594,NCT01609595,DB06888,[H][C@]12CN(CCN3NC4=C(C=CC=C4C3=O)C3=NC4=C(NC3=O)C=CC=C4O1)[C@]([H])(C)C2
595,NCT01609595,DB07903,CC(C)(C)C(=O)NC1=C(N=CC=C1)C(=O)NC1=NC=CS1
596,NCT01609595,DB08613,OC(O)(C1=CC=C(S1)C(=O)N1CCN2C(C1)=NC=C2C1=CC=CC=C1)C(F)(F)F
597,NCT01609595,DB09380,[Na+].[Na+].[O-][51Cr]([O-])(=O)=O
598,NCT01609595,DB14496,[Na+].[Na+].[O-][Mo]([O-])(=O)=O
599,NCT01609595,DB01583,[Na+].[Na+].N[C@@H](CC1=CC(I)=C(OC2=CC(I)=C(O)C=C2)C(I)=C1)C([O-])=O.N[C@@H](CC1=CC(I)=C(OC2=CC(I)=C(O)C(I)=C2)C(I)=C1)C([O-])=O
600,NCT01609595,DB09072,[Na+].OCCCC([O-])=O
601,NCT01609595,DB09395,[Na+].CC([O-])=O
602,NCT01609595,DB02531,CC(C)C(O)=O
603,NCT01609595,DB09531,FC(F)(F)C(F)(F)C(F)(F)C(F)(F)C(F)(F)C(F)(F)F
604,NCT01609595,DB11590,[Na+].CC[Hg]SC1=CC=CC=C1C([O-])=O
605,NCT01609595,DB14600,[Na+].[Na+].OC(=O)CN(CCN(CC(O)=O)CC([O-])=O)CC([O-])=O
606,NCT01609595,DB13771,[Na+].[Fe+3].[O-]C(=O)CC([O-])(CC([O-])=O)C([O-])=O
607,NCT01609595,DB13404,[Na+].[Na+].[Na+].[Na+].[O-]C(=O)CN(CCN(CC([O-])=O)CC([O-])=O)CC([O-])=O
608,NCT01609595,DB03226,OCC(F)(F)F
609,NCT01609595,DB07946,[H]N([H])C(=NOCCN([H])C(=O)CC1=C(Cl)C=CC(N([H])CC(F)(F)C2=CC=CC=C2)=C1F)N([H])[H]
610,NCT01609595,DB09132,[Gd+3].OC(=O)CN1CCN(CC([O-])=O)CCN(CC([O-])=O)CCN(CC([O-])=O)CC1
611,NCT01609595,DB00597,[Gd+3].CC(O)CN1CCN(CC([O-])=O)CCN(CC([O-])=O)CCN(CC([O-])=O)CC1
612,NCT01609595,DB15974,[Na+].[Na+].[Na+].O=S1(=O)O[Au]2(OS(=O)(=O)S2)S1
613,NCT01609595,DB13937,CCC1=C(C)C2=C(C=CC3=C2C(Cl)=CC(=O)N3)N1CC(F)(F)F
614,NCT01609595,DB07805,CC(C)(CCl)C(=O)NC1=CC=C(C=C1)C(F)(F)F
615,NCT01609595,DB11159,[Na+].[Na+].[S--]
616,NCT01609595,DB07530,[H][C@]1(CC[C@](C)(CCC#CC(O)(C(F)(F)F)C(F)(F)F)C1(C)C)\C=C\C=C1C[C@](O)([H])C[C@@](O)([H])C1
617,NCT01609595,DB07756,CC1=C(CSCC2=CC(=CC=C2)C(O)(O)C(F)(F)F)C(N)=C2C(F)=CC=CC2=N1
618,NCT01609595,DB15825,[Na+].O[Al+]O.[O-]C([O-])=O
619,NCT01609595,DB07221,CCCCCCCCCCCC[P+](C)(C)CC(P(O)(O)=O)P(O)(O)=O
620,NCT01609595,DB08373,CS(=O)(=O)C1=CC(Cl)=C(C=C1Cl)C1=C(Cl)C=C(C(Cl)=C1)S(C)(=O)=O
621,NCT01609595,DB04627,OC[C@H]1O[C@@H]2[C@@H](OC3=NC(=O)C=CN23)[C@@H]1O
622,NCT01609595,DB15950,[Na+].[H][C@]12CC[C@@](CS([O-])(=O)=O)(C(=O)C1)C2(C)C
623,NCT01609595,DB07550,[O-][N+]1=CC=CC=C1C(F)(F)CNC1=NC=C(Cl)N(CC(=O)NCC2=C(F)C=CC=C2)C1=O
624,NCT01609595,DB07121,[H][C@]1(N(CCSC1(C)C)S(=O)(=O)C1=CC=C(OCC#CCN)C=C1)C(=O)NO
625,NCT01538238,DB06589,CN(C1=CC2=NN(C)C(C)=C2C=C1)C1=CC=NC(NC2=CC=C(C)C(=C2)S(N)(=O)=O)=N1
626,NCT03010982,DB12887,CCN(C1CCOCC1)C1=C(C)C(=CC(=C1)C1=CC=C(CN2CCOCC2)C=C1)C(=O)NCC1=C(C)C=C(C)NC1=O
627,NCT03964558,DB14492,[K+].I[I-]I
628,NCT03964558,DB03843,[H]C([H])=O
629,NCT00543049,DB01268,CCN(CC)CCNC(=O)C1=C(C)NC(\C=C2/C(=O)NC3=C2C=C(F)C=C3)=C1C
630,NCT01683994,DB09383,[H][C@]1(C)C[C@@]2([H])[C@]3([H])CCC4=CC(=O)C=C[C@]4(C)[C@@]3([H])C(=O)C[C@]2(C)[C@@]1(O)C(=O)CO
631,NCT01683994,DB01248,[H][C@@]1(C[C@@]2(O)[C@@H](OC(=O)C3=CC=CC=C3)[C@]3([H])[C@@]4(CO[C@@H]4C[C@H](O)[C@@]3(C)C(=O)[C@H](O)C(=C1C)C2(C)C)OC(C)=O)OC(=O)[C@H](O)[C@@H](NC(=O)OC(C)(C)C)C1=CC=CC=C1
632,NCT01683994,DB14625,C[C@H]1C[C@H]2[C@@H]3CCC4=CC(=O)C=C[C@]4(C)[C@H]3C(=O)C[C@]2(C)[C@@]1(O)C(=O)COC(C)=O
633,NCT01683994,DB00635,[H][C@@]12CC[C@](O)(C(=O)CO)[C@@]1(C)CC(=O)[C@@]1([H])[C@@]2([H])CCC2=CC(=O)C=C[C@]12C
634,NCT01683994,DB15970,[H][C@@]12CC[C@](O)(C(=O)CO)[C@@]1(C)CC(=O)[C@@]1([H])[C@@]2([H])C[C@H](Cl)C2=CC(=O)C=C[C@]12C
635,NCT01683994,DB08875,COC1=CC2=C(C=C1OC)C(OC1=CC=C(NC(=O)C3(CC3)C(=O)NC3=CC=C(F)C=C3)C=C1)=CC=N2
636,NCT01683994,DB14646,[H][C@@]12CC[C@](O)(C(=O)COC(C)=O)[C@@]1(C)CC(=O)[C@@]1([H])[C@@]2([H])CCC2=CC(=O)C=C[C@]12C
637,NCT01683994,DB12952,C[C@H]1C[C@H]2[C@@H]3CC[C@](O)(C(=O)CO)[C@@]3(C)CC(=O)[C@@H]2[C@@]2(C)C=CC(=O)C=C12
638,NCT03123016,DB05676,CCOC1=CC(=CC=C1OC)[C@@H](CS(C)(=O)=O)N1C(=O)C2=CC=CC(NC(C)=O)=C2C1=O
639,NCT02109328,DB12633,CSCO[C@H]1C[C@H]2OC[C@@]2(OC(C)=O)[C@H]2[C@H](OC(=O)C3=CC=CC=C3)[C@]3(O)C[C@H](OC(=O)[C@H](O)[C@@H](NC(=O)C4=CC=CC=C4)C4=CC=CC=C4)C(C)=C([C@@H](OC(C)=O)C(=O)[C@]12C)C3(C)C
640,NCT02109328,DB01248,[H][C@@]1(C[C@@]2(O)[C@@H](OC(=O)C3=CC=CC=C3)[C@]3([H])[C@@]4(CO[C@@H]4C[C@H](O)[C@@]3(C)C(=O)[C@H](O)C(=C1C)C2(C)C)OC(C)=O)OC(=O)[C@H](O)[C@@H](NC(=O)OC(C)(C)C)C1=CC=CC=C1
641,NCT02109328,DB01229,[H][C@]12[C@H](OC(=O)C3=CC=CC=C3)[C@]3(O)C[C@H](OC(=O)[C@H](O)[C@@H](NC(=O)C4=CC=CC=C4)C4=CC=CC=C4)C(C)=C([C@@H](OC(C)=O)C(=O)[C@]1(C)[C@@H](O)C[C@H]1OC[C@@]21OC(C)=O)C3(C)C
642,NCT02109328,DB05297,CC\C=C/C\C=C/C\C=C/C\C=C/C\C=C/C\C=C/CCC(=O)O[C@@H](C(=O)O[C@H]1C[C@@]2(O)[C@@H](OC(=O)C3=CC=CC=C3)[C@@]3([H])[C@@](C)([C@@H](O)C[C@@]4([H])OC[C@@]34OC(=O)C)C(=O)[C@H](OC(=O)C)C(=C1C)C2(C)C)[C@@H](NC(=O)C1=CC=CC=C1)C1=CC=CC=C1
643,NCT02109328,DB12619,COC(=O)O[C@@]12CO[C@@H]1C[C@H](O)[C@]1(C)[C@@H]2[C@H](OC(=O)C2=CC=CC=C2)[C@]2(O)C[C@H](OC(=O)[C@H](O)[C@@H](NC(=O)C3=CC=CC=C3)C3=CC=CC=C3)C(C)=C([C@@H](OC(C)=O)C1=O)C2(C)C
644,NCT02109328,DB05220,COC1=CC(NC2=NC=C3CN=C(C4=CC(Cl)=CC=C4C3=N2)C2=C(OC)C=CC=C2F)=CC=C1C(O)=O
645,NCT01283945,DB11845,CNC(=O)C1=C2C=CC(OC3=C4C=C(OC)C(OCC5(N)CC5)=CC4=NC=C3)=CC2=CC=C1
646,NCT00901563,DB13067,C[C@@H](NC(=O)CNC(=O)[C@H]1C[C@H](O)CN1C(=O)[C@H]1CCCN1C(=O)[C@@H](CC1=CC=C(O)C=C1)NC(C)=O)C(=O)NCC(N)=O
647,NCT01824615,DB01268,CCN(CC)CCNC(=O)C1=C(C)NC(\C=C2/C(=O)NC3=C2C=C(F)C=C3)=C1C
648,NCT01210911,DB00331,CN(C)C(=N)NC(N)=N
649,NCT01210911,DB00530,COCCOC1=CC2=C(C=C1OCCOC)C(NC1=CC(=CC=C1)C#C)=NC=N2
650,NCT01210911,DB12564,CCCCCCCC\C=C\CCCCCCCC(=O)OC[C@H]1O[C@@H](N2C=CC(N)=NC2=O)C(F)(F)[C@@H]1O
651,NCT01210911,DB00441,NC1=NC(=O)N(C=C1)[C@@H]1O[C@H](CO)[C@@H](O)C1(F)F
652,NCT01210911,DB15057,C[C@H](NP(=O)(OC[C@H]1O[C@@H](N2C=CC(N)=NC2=O)C(F)(F)[C@@H]1O)OC1=CC=CC=C1)C(=O)OCC1=CC=CC=C1
653,NCT04690751,DB06119,NC(=O)O[C@@H](CN1N=CN=N1)C1=C(Cl)C=CC=C1
654,NCT02860286,DB12887,CCN(C1CCOCC1)C1=C(C)C(=CC(=C1)C1=CC=C(CN2CCOCC2)C=C1)C(=O)NCC1=C(C)C=C(C)NC1=O
655,NCT03251443,DB14765,O=C(NC1=CC=C(C=C1)C1(CCCC1)C#N)C1=CC=CN=C1NCC1=CC=NC=C1
656,NCT03251443,DB01259,CS(=O)(=O)CCNCC1=CC=C(O1)C1=CC2=C(C=C1)N=CN=C2NC1=CC(Cl)=C(OCC2=CC(F)=CC=C2)C=C1
657,NCT02601937,DB12887,CCN(C1CCOCC1)C1=C(C)C(=CC(=C1)C1=CC=C(CN2CCOCC2)C=C1)C(=O)NCC1=C(C)C=C(C)NC1=O
658,NCT02711007,DB14765,O=C(NC1=CC=C(C=C1)C1(CCCC1)C#N)C1=CC=CN=C1NCC1=CC=NC=C1
659,NCT02711007,DB01259,CS(=O)(=O)CCNCC1=CC=C(O1)C1=CC2=C(C=C1)N=CN=C2NC1=CC(Cl)=C(OCC2=CC(F)=CC=C2)C=C1
660,NCT02107963,DB00531,ClCCN(CCCl)P1(=O)NCCCO1
661,NCT01300026,DB08079,COC1=CC2=NC=CC(OCC3=NN=C4C=CC(=NN34)C3=CC=CC=C3)=C2C=C1
662,NCT01300026,DB05490,ClC1=CC=C(C(Cl)=C1)S(=O)(=O)NC1=CC(Cl)=C(OC2=CN=C3C=CC=CC3=C2)C(Cl)=C1
663,NCT01300026,DB15639,COCCOC1=CC2=C(C=CN([C@H](C)C3=NN=C4N3C=C(C=C4F)C3=CN(C)N=C3)C2=O)N=C1
664,NCT01300026,DB06011,[H][C@](C)(CC1(C2=NNN=N2)C2=CC=C(C=C2CCC2=CC(=CC=C12)C(=O)N(C)C)C(=O)N(C)C)NCC(=O)N1CCC[C@@]1([H])C#N
665,NCT00922883,DB06210,CC1=NN(C(=O)\C1=N/NC1=CC=CC(C2=CC=CC(=C2)C(O)=O)=C1O)C1=CC=C(C)C(C)=C1
666,NCT00540176,DB08834,[H][C@@]12CC[C@H]([C@H](C)CCC(=O)NCCS(O)(=O)=O)[C@@]1(C)CC[C@@]1([H])[C@@]2([H])[C@@H](O)C[C@]2([H])C[C@H](O)CC[C@]12C
667,NCT00540176,DB14107,[H][C@]12SCC(C)=C(N1C(=O)[C@H]2N)C(O)=O
668,NCT00540176,DB05990,[H][C@@]1(CC[C@@]2([H])[C@]3([H])[C@H](O)[C@H](CC)[C@]4([H])C[C@H](O)CC[C@]4(C)[C@@]3([H])CC[C@]12C)[C@H](C)CCC(O)=O
669,NCT00540176,DB06777,[H][C@@]1(CC[C@@]2([H])[C@]3([H])[C@H](O)C[C@]4([H])C[C@H](O)CC[C@]4(C)[C@@]3([H])CC[C@]12C)[C@H](C)CCC(O)=O
670,NCT00540176,DB01586,[H][C@@]1(CC[C@@]2([H])[C@]3([H])[C@@H](O)C[C@]4([H])C[C@H](O)CC[C@]4(C)[C@@]3([H])CC[C@]12C)[C@H](C)CCC(O)=O
671,NCT00540176,DB16026,[H][C@@]1(CC[C@@]2([H])[C@]3([H])[C@@H](O)C[C@]4([H])C[C@H](O)CC[C@]4(C)[C@@]3([H])CC[C@]12C)[C@H](C)CCC(=O)OC1=CC=C(\C=C\C(=O)OCCCCO[N+]([O-])=O)C=C1OC
672,NCT00540176,DB08809,OC(=O)C(Cl)Cl
673,NCT00540176,DB00958,[H][N]([H])([H])[Pt]1(OC(=O)C2(CCC2)C(=O)O1)[N]([H])([H])[H]
674,NCT01253707,DB08079,COC1=CC2=NC=CC(OCC3=NN=C4C=CC(=NN34)C3=CC=CC=C3)=C2C=C1
675,NCT01253707,DB05490,ClC1=CC=C(C(Cl)=C1)S(=O)(=O)NC1=CC(Cl)=C(OC2=CN=C3C=CC=CC3=C2)C(Cl)=C1
676,NCT01253707,DB15639,COCCOC1=CC2=C(C=CN([C@H](C)C3=NN=C4N3C=C(C=C4F)C3=CN(C)N=C3)C2=O)N=C1
677,NCT01253707,DB06011,[H][C@](C)(CC1(C2=NNN=N2)C2=CC=C(C=C2CCC2=CC(=CC=C12)C(=O)N(C)C)C(=O)N(C)C)NCC(=O)N1CCC[C@@]1([H])C#N
678,NCT00390468,DB05465,COC1=C(OCCCN2CCCCC2)C=C2N=CN=C(N3CCN(CC3)C(=O)NC3=CC=C(OC(C)C)C=C3)C2=C1
679,NCT01064336,DB06210,CC1=NN(C(=O)\C1=N/NC1=CC=CC(C2=CC=CC(=C2)C(O)=O)=C1O)C1=CC=C(C)C(C)=C1
680,NCT03690141,DB15219,CC1=C2N(C(=O)C(NC3=CC(N)=NC=N3)=C1)C1(CCCCC1)NC2=O
681,NCT02366312,DB08828,CS(=O)(=O)C1=CC(Cl)=C(C=C1)C(=O)NC1=CC=C(Cl)C(=C1)C1=CC=CC=N1
682,NCT04179071,DB12048,C[C@H](N1N=NC2=NC=C(N=C12)C1=CN(C)N=C1)C1=CN2C=CN=C2C=C1
683,NCT04179071,DB00927,NC(N)=NC1=NC(CSCCC(N)=NS(N)(=O)=O)=CS1
684,NCT03376958,DB14765,O=C(NC1=CC=C(C=C1)C1(CCCC1)C#N)C1=CC=CN=C1NCC1=CC=NC=C1
685,NCT03376958,DB01259,CS(=O)(=O)CCNCC1=CC=C(O1)C1=CC2=C(C=C1)N=CN=C2NC1=CC(Cl)=C(OCC2=CC(F)=CC=C2)C=C1
686,NCT02714036,DB05266,CC(C)C(=O)C1=C2C=CC=CN2N=C1C(C)C
687,NCT04216082,DB11885,COC1=CC2=C(OC3=CC=C4NC(C)=CC4=C3F)C=CN=C2C=C1OCC1(N)CC1
688,NCT00490139,DB01259,CS(=O)(=O)CCNCC1=CC=C(O1)C1=CC2=C(C=C1)N=CN=C2NC1=CC(Cl)=C(OCC2=CC(F)=CC=C2)C=C1
689,NCT03353740,DB11744,NC[C@H]1OB(O)C2=C1C=CC=C2OCCCO
690,NCT03353740,DB15952,[Na+].[O-][N+]([O-])=O
691,NCT03353740,DB16229,CCCNCCOC1=CC(=CC(F)=C1)S(C)(=O)=O
692,NCT03353740,DB15888,OC(C(=O)OCCN1CCCCC1)(C1=CC=CC=C1)C1=CC=CC=C1
693,NCT03353740,DB13727,C=CCN1CC2=CC=CC=C2C2=CC=CC=C2C1
694,NCT03353740,DB04752,[H]\C(CCCCCC)=C(/[H])CCCCCCCC(=O)O[C@@]([H])(COC(=O)CCCCCCC\C([H])=C(\[H])CCCCCCCC)COP(O)(=O)OCCO
695,NCT03353740,DB12043,CC(C)OC(=O)CCC[C@H]1CC[C@H]2[C@H](C[C@@H](O)[C@@H]2\C=C\[C@@H](O)COC2=CC(F)=CC=C2F)OC1
696,NCT03353740,DB09498,[Cl-].[Cl-].[89Sr++]
697,NCT03353740,DB15297,CN1C=C(C=N1)C1=CC(=C(C=C1)S(=O)(=O)[C@@H]1C[C@H](N(C1)C(=O)C1(CC1)C(F)(F)F)C(=O)NC1(CC1)C#N)C(F)(F)F
698,NCT03353740,DB16019,[68Ga+3].OC(=O)CC[C@H](NC(=O)N[C@@H](CCCCNC(=O)CCCCCNC(=O)CCC1=CC(CN(CCN(CC([O-])=O)CC2=C(O)C=CC(CCC([O-])=O)=C2)CC([O-])=O)=C(O)C=C1)C(O)=O)C(O)=O
699,NCT03353740,DB00454,CCOC(=O)C1(CCN(C)CC1)C1=CC=CC=C1
700,NCT03353740,DB13925,[68Ga+3].C[C@@H](O)[C@H](NC(=O)[C@@H]1CSSC[C@H](NC(=O)[C@@H](CC2=CC=CC=C2)NC(=O)CN2CCN(CC([O-])=O)CCN(CC([O-])=O)CCN(CC([O-])=O)CC2)C(=O)N[C@@H](CC2=CC=C(O)C=C2)C(=O)N[C@H](CC2=CNC3=C2C=CC=C3)C(=O)N[C@@H](CCCCN)C(=O)N[C@@H]([C@@H](C)O)C(=O)N1)C(O)=O
701,NCT03353740,DB15995,O[N+]([O-])=O
702,NCT03353740,DB15424,[18F]C1=CC=C(C=C1)[P+](C1=CC=CC=C1)(C1=CC=CC=C1)C1=CC=CC=C1
703,NCT03353740,DB15494,[68Ga+3].C[C@@H](O)[C@@H](CO)NC(=O)[C@@H]1CSSC[C@H](NC(=O)[C@@H](CC2=CC=CC=C2)NC(=O)CN2CCN(CC([O-])=O)CCN(CC([O-])=O)CCN(CC([O-])=O)CC2)C(=O)N[C@@H](CC2=CC=C(O)C=C2)C(=O)N[C@H](CC2=CNC3=C2C=CC=C3)C(=O)N[C@@H](CCCCN)C(=O)N[C@@H]([C@@H](C)O)C(=O)N1
704,NCT02919111,DB11744,NC[C@H]1OB(O)C2=C1C=CC=C2OCCCO
705,NCT02919111,DB15952,[Na+].[O-][N+]([O-])=O
706,NCT02919111,DB16229,CCCNCCOC1=CC(=CC(F)=C1)S(C)(=O)=O
707,NCT02919111,DB15888,OC(C(=O)OCCN1CCCCC1)(C1=CC=CC=C1)C1=CC=CC=C1
708,NCT02919111,DB13727,C=CCN1CC2=CC=CC=C2C2=CC=CC=C2C1
709,NCT02919111,DB04752,[H]\C(CCCCCC)=C(/[H])CCCCCCCC(=O)O[C@@]([H])(COC(=O)CCCCCCC\C([H])=C(\[H])CCCCCCCC)COP(O)(=O)OCCO
710,NCT02919111,DB12043,CC(C)OC(=O)CCC[C@H]1CC[C@H]2[C@H](C[C@@H](O)[C@@H]2\C=C\[C@@H](O)COC2=CC(F)=CC=C2F)OC1
711,NCT02919111,DB09498,[Cl-].[Cl-].[89Sr++]
712,NCT02919111,DB15297,CN1C=C(C=N1)C1=CC(=C(C=C1)S(=O)(=O)[C@@H]1C[C@H](N(C1)C(=O)C1(CC1)C(F)(F)F)C(=O)NC1(CC1)C#N)C(F)(F)F
713,NCT02919111,DB16019,[68Ga+3].OC(=O)CC[C@H](NC(=O)N[C@@H](CCCCNC(=O)CCCCCNC(=O)CCC1=CC(CN(CCN(CC([O-])=O)CC2=C(O)C=CC(CCC([O-])=O)=C2)CC([O-])=O)=C(O)C=C1)C(O)=O)C(O)=O
714,NCT02919111,DB00454,CCOC(=O)C1(CCN(C)CC1)C1=CC=CC=C1
715,NCT02919111,DB13925,[68Ga+3].C[C@@H](O)[C@H](NC(=O)[C@@H]1CSSC[C@H](NC(=O)[C@@H](CC2=CC=CC=C2)NC(=O)CN2CCN(CC([O-])=O)CCN(CC([O-])=O)CCN(CC([O-])=O)CC2)C(=O)N[C@@H](CC2=CC=C(O)C=C2)C(=O)N[C@H](CC2=CNC3=C2C=CC=C3)C(=O)N[C@@H](CCCCN)C(=O)N[C@@H]([C@@H](C)O)C(=O)N1)C(O)=O
716,NCT02919111,DB15995,O[N+]([O-])=O
717,NCT02919111,DB15424,[18F]C1=CC=C(C=C1)[P+](C1=CC=CC=C1)(C1=CC=CC=C1)C1=CC=CC=C1
718,NCT02919111,DB15494,[68Ga+3].C[C@@H](O)[C@@H](CO)NC(=O)[C@@H]1CSSC[C@H](NC(=O)[C@@H](CC2=CC=CC=C2)NC(=O)CN2CCN(CC([O-])=O)CCN(CC([O-])=O)CCN(CC([O-])=O)CC2)C(=O)N[C@@H](CC2=CC=C(O)C=C2)C(=O)N[C@H](CC2=CNC3=C2C=CC=C3)C(=O)N[C@@H](CCCCN)C(=O)N[C@@H]([C@@H](C)O)C(=O)N1
719,NCT02918357,DB11744,NC[C@H]1OB(O)C2=C1C=CC=C2OCCCO
720,NCT02918357,DB15952,[Na+].[O-][N+]([O-])=O
721,NCT02918357,DB16229,CCCNCCOC1=CC(=CC(F)=C1)S(C)(=O)=O
722,NCT02918357,DB15888,OC(C(=O)OCCN1CCCCC1)(C1=CC=CC=C1)C1=CC=CC=C1
723,NCT02918357,DB13727,C=CCN1CC2=CC=CC=C2C2=CC=CC=C2C1
724,NCT02918357,DB04752,[H]\C(CCCCCC)=C(/[H])CCCCCCCC(=O)O[C@@]([H])(COC(=O)CCCCCCC\C([H])=C(\[H])CCCCCCCC)COP(O)(=O)OCCO
725,NCT02918357,DB12043,CC(C)OC(=O)CCC[C@H]1CC[C@H]2[C@H](C[C@@H](O)[C@@H]2\C=C\[C@@H](O)COC2=CC(F)=CC=C2F)OC1
726,NCT02918357,DB09498,[Cl-].[Cl-].[89Sr++]
727,NCT02918357,DB15297,CN1C=C(C=N1)C1=CC(=C(C=C1)S(=O)(=O)[C@@H]1C[C@H](N(C1)C(=O)C1(CC1)C(F)(F)F)C(=O)NC1(CC1)C#N)C(F)(F)F
728,NCT02918357,DB16019,[68Ga+3].OC(=O)CC[C@H](NC(=O)N[C@@H](CCCCNC(=O)CCCCCNC(=O)CCC1=CC(CN(CCN(CC([O-])=O)CC2=C(O)C=CC(CCC([O-])=O)=C2)CC([O-])=O)=C(O)C=C1)C(O)=O)C(O)=O
729,NCT02918357,DB00454,CCOC(=O)C1(CCN(C)CC1)C1=CC=CC=C1
730,NCT02918357,DB13925,[68Ga+3].C[C@@H](O)[C@H](NC(=O)[C@@H]1CSSC[C@H](NC(=O)[C@@H](CC2=CC=CC=C2)NC(=O)CN2CCN(CC([O-])=O)CCN(CC([O-])=O)CCN(CC([O-])=O)CC2)C(=O)N[C@@H](CC2=CC=C(O)C=C2)C(=O)N[C@H](CC2=CNC3=C2C=CC=C3)C(=O)N[C@@H](CCCCN)C(=O)N[C@@H]([C@@H](C)O)C(=O)N1)C(O)=O
731,NCT02918357,DB15995,O[N+]([O-])=O
732,NCT02918357,DB15424,[18F]C1=CC=C(C=C1)[P+](C1=CC=CC=C1)(C1=CC=CC=C1)C1=CC=CC=C1
733,NCT02918357,DB15494,[68Ga+3].C[C@@H](O)[C@@H](CO)NC(=O)[C@@H]1CSSC[C@H](NC(=O)[C@@H](CC2=CC=CC=C2)NC(=O)CN2CCN(CC([O-])=O)CCN(CC([O-])=O)CCN(CC([O-])=O)CC2)C(=O)N[C@@H](CC2=CC=C(O)C=C2)C(=O)N[C@H](CC2=CNC3=C2C=CC=C3)C(=O)N[C@@H](CCCCN)C(=O)N[C@@H]([C@@H](C)O)C(=O)N1
734,NCT03274011,DB14765,O=C(NC1=CC=C(C=C1)C1(CCCC1)C#N)C1=CC=CN=C1NCC1=CC=NC=C1
735,NCT03274011,DB01259,CS(=O)(=O)CCNCC1=CC=C(O1)C1=CC2=C(C=C1)N=CN=C2NC1=CC(Cl)=C(OCC2=CC(F)=CC=C2)C=C1
736,NCT01695876,DB08079,COC1=CC2=NC=CC(OCC3=NN=C4C=CC(=NN34)C3=CC=CC=C3)=C2C=C1
737,NCT01695876,DB05490,ClC1=CC=C(C(Cl)=C1)S(=O)(=O)NC1=CC(Cl)=C(OC2=CN=C3C=CC=CC3=C2)C(Cl)=C1
738,NCT01695876,DB15639,COCCOC1=CC2=C(C=CN([C@H](C)C3=NN=C4N3C=C(C=C4F)C3=CN(C)N=C3)C2=O)N=C1
739,NCT01695876,DB06011,[H][C@](C)(CC1(C2=NNN=N2)C2=CC=C(C=C2CCC2=CC(=CC=C12)C(=O)N(C)C)C(=O)N(C)C)NCC(=O)N1CCC[C@@]1([H])C#N
740,NCT01703754,DB05668,OP(=O)(NCCCl)NCCCl
741,NCT00813384,DB08079,COC1=CC2=NC=CC(OCC3=NN=C4C=CC(=NN34)C3=CC=CC=C3)=C2C=C1
742,NCT00813384,DB05490,ClC1=CC=C(C(Cl)=C1)S(=O)(=O)NC1=CC(Cl)=C(OC2=CN=C3C=CC=CC3=C2)C(Cl)=C1
743,NCT00813384,DB15639,COCCOC1=CC2=C(C=CN([C@H](C)C3=NN=C4N3C=C(C=C4F)C3=CN(C)N=C3)C2=O)N=C1
744,NCT00813384,DB06011,[H][C@](C)(CC1(C2=NNN=N2)C2=CC=C(C=C2CCC2=CC(=CC=C12)C(=O)N(C)C)C(=O)N(C)C)NCC(=O)N1CCC[C@@]1([H])C#N
745,NCT03773952,DB12120,COC1=CC(=C(C=C1C=C)C(=O)NC1=CC=C(C=C1)C(N)=N)C1=CC=C(N=C1C(O)=O)C(=O)NCC1CC1
746,NCT03773952,DB01563,OC(O)C(Cl)(Cl)Cl
747,NCT03773952,DB01495,OC(O)C(Cl)(Cl)Cl.OC(O)C(Cl)(Cl)Cl.CN1N(C(=O)C=C1C)C1=CC=CC=C1
748,NCT03773952,DB08924,CC(CC1=CC=CC=C1)\N=C\C(Cl)(Cl)Cl
749,NCT03773952,DB02650,[H]C(=O)C(Cl)(Cl)Cl
750,NCT03773952,DB13402,OC(O)C(Cl)(Cl)Cl.CC(=O)NCC(O)=O
751,NCT03773952,DB00553,COC1=C2OC(=O)C=CC2=CC2=C1OC=C2
752,NCT03773952,DB14514,[Mg++].CC(=O)CCC([O-])=O.CC(=O)CCC([O-])=O
753,NCT03773952,DB01534,CC(CC(C)(C)O)OC(O)C(Cl)(Cl)Cl
754,NCT03773952,DB01494,OC(O)C(Cl)(Cl)Cl.C[N+](C)(C)CC([O-])=O
755,NCT03773952,DB12216,COC1=C2C=CC(=O)OC2=CC2=C1C=CO2
756,NCT03773952,DB04571,CC1=CC2=CC3=C(OC(=O)C=C3C)C(C)=C2O1
757,NCT03647670,DB00683,CC1=NC=C2CN=C(C3=CC=CC=C3F)C3=C(C=CC(Cl)=C3)N12
758,NCT03647670,DB14973,CCCS(=O)(=O)N[C@H]1C[C@H](C1)N(C)C1=C2C=CNC2=NC=N1
759,NCT04006145,DB12120,COC1=CC(=C(C=C1C=C)C(=O)NC1=CC=C(C=C1)C(N)=N)C1=CC=C(N=C1C(O)=O)C(=O)NCC1CC1
760,NCT04006145,DB01563,OC(O)C(Cl)(Cl)Cl
761,NCT04006145,DB01495,OC(O)C(Cl)(Cl)Cl.OC(O)C(Cl)(Cl)Cl.CN1N(C(=O)C=C1C)C1=CC=CC=C1
762,NCT04006145,DB08924,CC(CC1=CC=CC=C1)\N=C\C(Cl)(Cl)Cl
763,NCT04006145,DB02650,[H]C(=O)C(Cl)(Cl)Cl
764,NCT04006145,DB13402,OC(O)C(Cl)(Cl)Cl.CC(=O)NCC(O)=O
765,NCT04006145,DB00553,COC1=C2OC(=O)C=CC2=CC2=C1OC=C2
766,NCT04006145,DB12486,CCCCC1(CCCC)CN(C2=CC=CC=C2)C2=CC(SC)=C(OCC(=O)N[C@@H](C(=O)NCC(O)=O)C3=CC=CC=C3)C=C2S(=O)(=O)C1
767,NCT04006145,DB14514,[Mg++].CC(=O)CCC([O-])=O.CC(=O)CCC([O-])=O
768,NCT04006145,DB01534,CC(CC(C)(C)O)OC(O)C(Cl)(Cl)Cl
769,NCT04006145,DB01494,OC(O)C(Cl)(Cl)Cl.C[N+](C)(C)CC([O-])=O
770,NCT04006145,DB12216,COC1=C2C=CC(=O)OC2=CC2=C1C=CO2
771,NCT04006145,DB04571,CC1=CC2=CC3=C(OC(=O)C=C3C)C(C)=C2O1
772,NCT03662516,DB13323,ClC=C(Cl)Cl
773,NCT03662516,DB14973,CCCS(=O)(=O)N[C@H]1C[C@H](C1)N(C)C1=C2C=CNC2=NC=N1
774,NCT03662516,DB07891,[H][C@@]12CC[C@H](OC(=O)CCC(O)=O)[C@@]1(C)CC[C@]1([H])C3=CC=C(O)C=C3CC[C@@]21[H]
775,NCT03662516,DB13954,[H][C@@]1(CC[C@@]2([H])[C@]3([H])CCC4=CC(O)=CC=C4[C@@]3([H])CC[C@]12C)OC(=O)CCC1CCCC1
776,NCT03662516,DB01196,[H][C@@]12CC[C@H](O)[C@@]1(C)CC[C@]1([H])C3=CC=C(OC(=O)N(CCCl)CCCl)C=C3CC[C@@]21[H]
777,NCT03662516,DB02342,[H][C@@]12CC[C@H](O)[C@@]1(C)CC[C@]1([H])C3=C(CC[C@@]21[H])C=C(O)C(OC)=C3
778,NCT03662516,DB00783,[H][C@@]12CC[C@H](O)[C@@]1(C)CC[C@]1([H])C3=C(CC[C@@]21[H])C=C(O)C=C3
779,NCT03662516,DB00977,[H][C@@]12CC[C@@](O)(C#C)[C@@]1(C)CC[C@]1([H])C3=C(CC[C@@]21[H])C=C(O)C=C3
780,NCT03662516,DB00367,[H][C@@]12CC[C@@](O)(C#C)[C@@]1(CC)CC[C@]1([H])[C@@]3([H])CCC(=O)C=C3CC[C@@]21[H]
781,NCT03662516,DB06713,[H][C@@]12CC[C@@](O)(C#C)[C@@]1(CC)CC[C@]1([H])[C@@]3([H])CCC(C=C3CC[C@@]21[H])=NO
782,NCT03662516,DB01031,NC(=O)OC1(CCCCC1)C#C
783,NCT03662516,DB13956,[H][C@@]12CC[C@H](OC(=O)CCCC)[C@@]1(C)CC[C@]1([H])C3=C(CC[C@@]21[H])C=C(O)C=C3
784,NCT03662516,DB13953,[H][C@]1(O)CC[C@@]2([H])[C@]3([H])CCC4=CC(OC(=O)C5=CC=CC=C5)=CC=C4[C@@]3([H])CC[C@]12C
785,NCT03662516,DB13955,CCCCCCC(=O)O[C@H]1CC[C@H]2[C@@H]3CCC4=CC(OC(=O)CCCCCC)=CC=C4[C@H]3CC[C@]12C
786,NCT03662516,DB06597,[H][C@@]12CC[C@H](O)[C@@]1(C)CC[C@]1([H])C3=CC=C(OS(N)(=O)=O)C=C3CC[C@@]21[H]
787,NCT03662516,DB04575,[H][C@@]12CC[C@@](O)(C#C)[C@@]1(C)CC[C@]1([H])C3=C(CC[C@@]21[H])C=C(OC1CCCC1)C=C3
788,NCT03662516,DB15690,[H][C@@]12C[C@@H]([18F])[C@H](O)[C@@]1(C)CC[C@]1([H])C3=C(CC[C@@]21[H])C=C(O)C=C3
789,NCT03662516,DB00717,[H][C@@]12CC[C@@](O)(C#C)[C@@]1(C)CC[C@]1([H])[C@@]3([H])CCC(=O)C=C3CC[C@@]21[H]
790,NCT03662516,DB07706,[H][C@]1(O)CC[C@@]2([H])[C@]3([H])CCC4=C(C=C(O)C(O)=C4)[C@@]3([H])CC[C@]12C
791,NCT03662516,DB04573,[H][C@@]12C[C@@H](O)[C@H](O)[C@@]1(C)CC[C@]1([H])C3=C(CC[C@@]21[H])C=C(O)C=C3
792,NCT03662516,DB13952,[H][C@@]12CC[C@H](O)[C@@]1(C)CC[C@]1([H])C3=CC=C(OC(C)=O)C=C3CC[C@@]21[H]
793,NCT03566238,DB16261,CCCCC1(CCCC)CN(C2=CC=CC=C2)C2=CC(SC)=C(OCC(=O)N[C@@H](C(=O)N[C@@H](CC)C(O)=O)C3=CC=C(O)C=C3)C=C2S(=O)(=O)N1
794,NCT02932566,DB04951,CC1=CN(C(=O)C=C1)C1=CC=CC=C1
795,NCT04044664,DB12120,COC1=CC(=C(C=C1C=C)C(=O)NC1=CC=C(C=C1)C(N)=N)C1=CC=C(N=C1C(O)=O)C(=O)NCC1CC1
796,NCT04044664,DB01563,OC(O)C(Cl)(Cl)Cl
797,NCT04044664,DB01495,OC(O)C(Cl)(Cl)Cl.OC(O)C(Cl)(Cl)Cl.CN1N(C(=O)C=C1C)C1=CC=CC=C1
798,NCT04044664,DB08924,CC(CC1=CC=CC=C1)\N=C\C(Cl)(Cl)Cl
799,NCT04044664,DB02650,[H]C(=O)C(Cl)(Cl)Cl
800,NCT04044664,DB13402,OC(O)C(Cl)(Cl)Cl.CC(=O)NCC(O)=O
801,NCT04044664,DB00553,COC1=C2OC(=O)C=CC2=CC2=C1OC=C2
802,NCT04044664,DB14514,[Mg++].CC(=O)CCC([O-])=O.CC(=O)CCC([O-])=O
803,NCT04044664,DB01534,CC(CC(C)(C)O)OC(O)C(Cl)(Cl)Cl
804,NCT04044664,DB01494,OC(O)C(Cl)(Cl)Cl.C[N+](C)(C)CC([O-])=O
805,NCT04044664,DB12216,COC1=C2C=CC(=O)OC2=CC2=C1C=CO2
806,NCT04044664,DB04571,CC1=CC2=CC3=C(OC(=O)C=C3C)C(C)=C2O1
807,NCT03249103,DB12120,COC1=CC(=C(C=C1C=C)C(=O)NC1=CC=C(C=C1)C(N)=N)C1=CC=C(N=C1C(O)=O)C(=O)NCC1CC1
808,NCT03249103,DB01563,OC(O)C(Cl)(Cl)Cl
809,NCT03249103,DB01495,OC(O)C(Cl)(Cl)Cl.OC(O)C(Cl)(Cl)Cl.CN1N(C(=O)C=C1C)C1=CC=CC=C1
810,NCT03249103,DB08924,CC(CC1=CC=CC=C1)\N=C\C(Cl)(Cl)Cl
811,NCT03249103,DB02650,[H]C(=O)C(Cl)(Cl)Cl
812,NCT03249103,DB13402,OC(O)C(Cl)(Cl)Cl.CC(=O)NCC(O)=O
813,NCT03249103,DB00553,COC1=C2OC(=O)C=CC2=CC2=C1OC=C2
814,NCT03249103,DB14514,[Mg++].CC(=O)CCC([O-])=O.CC(=O)CCC([O-])=O
815,NCT03249103,DB01534,CC(CC(C)(C)O)OC(O)C(Cl)(Cl)Cl
816,NCT03249103,DB01494,OC(O)C(Cl)(Cl)Cl.C[N+](C)(C)CC([O-])=O
817,NCT03249103,DB12216,COC1=C2C=CC(=O)OC2=CC2=C1C=CO2
818,NCT03249103,DB04571,CC1=CC2=CC3=C(OC(=O)C=C3C)C(C)=C2O1
819,NCT02207504,DB08865,C[C@@H](OC1=CC(=CN=C1N)C1=CN(N=C1)C1CCNCC1)C1=C(Cl)C=CC(F)=C1Cl
820,NCT02207504,DB08899,CNC(=O)C1=C(F)C=C(C=C1)N1C(=S)N(C(=O)C1(C)C)C1=CC=C(C#N)C(=C1)C(F)(F)F
821,NCT02644525,DB00619,CN1CCN(CC2=CC=C(C=C2)C(=O)NC2=CC(NC3=NC=CC(=N3)C3=CN=CC=C3)=C(C)C=C2)CC1
822,NCT02644525,DB05478,CS(O)(=O)=O.NC1=C2N=CN(CCOC[P@@]3(=O)OCC[C@H](O3)C3=CC(Cl)=CC=C3)C2=NC=N1
823,NCT02644525,DB11552,CCOC(=O)C1=CC(N)=CC=C1
824,NCT03575598,DB15036,COCCNCC1=CC=C(N=C1)C1=CC2=C(S1)C(OC1=C(F)C=C(NC(=O)C3(CC3)C(=O)NC3=CC=C(F)C=C3)C=C1)=CC=N2
825,NCT01039948,DB00317,COC1=C(OCCCN2CCOCC2)C=C2C(NC3=CC(Cl)=C(F)C=C3)=NC=NC2=C1
826,NCT03291314,DB06626,CNC(=O)C1=C(SC2=CC=C3C(NN=C3\C=C\C3=CC=CC=N3)=C2)C=CC=C1
827,NCT01621204,DB06210,CC1=NN(C(=O)\C1=N/NC1=CC=CC(C2=CC=CC(=C2)C(O)=O)=C1O)C1=CC=C(C)C(C)=C1
828,NCT00158782,DB01259,CS(=O)(=O)CCNCC1=CC=C(O1)C1=CC2=C(C=C1)N=CN=C2NC1=CC(Cl)=C(OCC2=CC(F)=CC=C2)C=C1
829,NCT00370383,DB04996,N.[Cl-].[Cl-].[Pt+4].CC([O-])=O.CC([O-])=O.NC1CCCCC1
830,NCT00370383,DB00530,COCCOC1=CC2=C(C=C1OCCOC)C(NC1=CC(=CC=C1)C#C)=NC=N2
831,NCT04187456,DB00683,CC1=NC=C2CN=C(C3=CC=CC=C3F)C3=C(C=CC(Cl)=C3)N12
832,NCT04187456,DB12048,C[C@H](N1N=NC2=NC=C(N=C12)C1=CN(C)N=C1)C1=CN2C=CN=C2C=C1
833,NCT04121910,DB01167,CCC(C)N1N=CN(C1=O)C1=CC=C(C=C1)N1CCN(CC1)C1=CC=C(OC[C@H]2CO[C@@](CN3C=NC=N3)(O2)C2=C(Cl)C=C(Cl)C=C2)C=C1
834,NCT04121910,DB12048,C[C@H](N1N=NC2=NC=C(N=C12)C1=CN(C)N=C1)C1=CN2C=CN=C2C=C1
835,NCT04247815,DB12120,COC1=CC(=C(C=C1C=C)C(=O)NC1=CC=C(C=C1)C(N)=N)C1=CC=C(N=C1C(O)=O)C(=O)NCC1CC1
836,NCT04247815,DB01563,OC(O)C(Cl)(Cl)Cl
837,NCT04247815,DB01495,OC(O)C(Cl)(Cl)Cl.OC(O)C(Cl)(Cl)Cl.CN1N(C(=O)C=C1C)C1=CC=CC=C1
838,NCT04247815,DB08924,CC(CC1=CC=CC=C1)\N=C\C(Cl)(Cl)Cl
839,NCT04247815,DB02650,[H]C(=O)C(Cl)(Cl)Cl
840,NCT04247815,DB13402,OC(O)C(Cl)(Cl)Cl.CC(=O)NCC(O)=O
841,NCT04247815,DB00553,COC1=C2OC(=O)C=CC2=CC2=C1OC=C2
842,NCT04247815,DB14514,[Mg++].CC(=O)CCC([O-])=O.CC(=O)CCC([O-])=O
843,NCT04247815,DB01534,CC(CC(C)(C)O)OC(O)C(Cl)(Cl)Cl
844,NCT04247815,DB01494,OC(O)C(Cl)(Cl)Cl.C[N+](C)(C)CC([O-])=O
845,NCT04247815,DB12216,COC1=C2C=CC(=O)OC2=CC2=C1C=CO2
846,NCT04247815,DB16620,CN(CC1=CN=C2N=C(N)NC(=O)C2=N1)C1=CC=C(C=C1)C(=O)N[C@@H](CCC(O)=O)C(O)=O
847,NCT04247815,DB04571,CC1=CC2=CC3=C(OC(=O)C=C3C)C(C)=C2O1
848,NCT04247815,DB00563,CN(CC1=CN=C2N=C(N)N=C(N)C2=N1)C1=CC=C(C=C1)C(=O)N[C@@H](CCC(O)=O)C(O)=O
849,NCT00553358,DB12633,CSCO[C@H]1C[C@H]2OC[C@@]2(OC(C)=O)[C@H]2[C@H](OC(=O)C3=CC=CC=C3)[C@]3(O)C[C@H](OC(=O)[C@H](O)[C@@H](NC(=O)C4=CC=CC=C4)C4=CC=CC=C4)C(C)=C([C@@H](OC(C)=O)C(=O)[C@]12C)C3(C)C
850,NCT00553358,DB01248,[H][C@@]1(C[C@@]2(O)[C@@H](OC(=O)C3=CC=CC=C3)[C@]3([H])[C@@]4(CO[C@@H]4C[C@H](O)[C@@]3(C)C(=O)[C@H](O)C(=C1C)C2(C)C)OC(C)=O)OC(=O)[C@H](O)[C@@H](NC(=O)OC(C)(C)C)C1=CC=CC=C1
851,NCT00553358,DB01229,[H][C@]12[C@H](OC(=O)C3=CC=CC=C3)[C@]3(O)C[C@H](OC(=O)[C@H](O)[C@@H](NC(=O)C4=CC=CC=C4)C4=CC=CC=C4)C(C)=C([C@@H](OC(C)=O)C(=O)[C@]1(C)[C@@H](O)C[C@H]1OC[C@@]21OC(C)=O)C3(C)C
852,NCT00553358,DB05297,CC\C=C/C\C=C/C\C=C/C\C=C/C\C=C/C\C=C/CCC(=O)O[C@@H](C(=O)O[C@H]1C[C@@]2(O)[C@@H](OC(=O)C3=CC=CC=C3)[C@@]3([H])[C@@](C)([C@@H](O)C[C@@]4([H])OC[C@@]34OC(=O)C)C(=O)[C@H](OC(=O)C)C(=C1C)C2(C)C)[C@@H](NC(=O)C1=CC=CC=C1)C1=CC=CC=C1
853,NCT00553358,DB12619,COC(=O)O[C@@]12CO[C@@H]1C[C@H](O)[C@]1(C)[C@@H]2[C@H](OC(=O)C2=CC=CC=C2)[C@]2(O)C[C@H](OC(=O)[C@H](O)[C@@H](NC(=O)C3=CC=CC=C3)C3=CC=CC=C3)C(C)=C([C@@H](OC(C)=O)C1=O)C2(C)C
854,NCT00553358,DB01259,CS(=O)(=O)CCNCC1=CC=C(O1)C1=CC2=C(C=C1)N=CN=C2NC1=CC(Cl)=C(OCC2=CC(F)=CC=C2)C=C1
855,NCT02260661,DB00947,[H][C@@]12CC[C@H](O)[C@@]1(C)CC[C@]1([H])C3=CC=C(O)C=C3C[C@@H](CCCCCCCCCS(=O)CCCC(F)(F)C(F)(F)F)[C@@]21[H]
856,NCT03028766,DB00515,[H][N]([H])([H])[Pt](Cl)(Cl)[N]([H])([H])[H]
857,NCT02512562,DB06290,[H][C@]12C[C@]1(NC(=O)[C@]1([H])C[C@H](C[C@@]1([H])C(=O)N(C)CCCC\C=C/2)OC1=CC(=NC2=C1C=CC(OC)=C2C)C1=NC(=CS1)C(C)C)C(=O)NS(=O)(=O)C1CC1
858,NCT02341456,DB12633,CSCO[C@H]1C[C@H]2OC[C@@]2(OC(C)=O)[C@H]2[C@H](OC(=O)C3=CC=CC=C3)[C@]3(O)C[C@H](OC(=O)[C@H](O)[C@@H](NC(=O)C4=CC=CC=C4)C4=CC=CC=C4)C(C)=C([C@@H](OC(C)=O)C(=O)[C@]12C)C3(C)C
859,NCT02341456,DB01248,[H][C@@]1(C[C@@]2(O)[C@@H](OC(=O)C3=CC=CC=C3)[C@]3([H])[C@@]4(CO[C@@H]4C[C@H](O)[C@@]3(C)C(=O)[C@H](O)C(=C1C)C2(C)C)OC(C)=O)OC(=O)[C@H](O)[C@@H](NC(=O)OC(C)(C)C)C1=CC=CC=C1
860,NCT02341456,DB01229,[H][C@]12[C@H](OC(=O)C3=CC=CC=C3)[C@]3(O)C[C@H](OC(=O)[C@H](O)[C@@H](NC(=O)C4=CC=CC=C4)C4=CC=CC=C4)C(C)=C([C@@H](OC(C)=O)C(=O)[C@]1(C)[C@@H](O)C[C@H]1OC[C@@]21OC(C)=O)C3(C)C
861,NCT02341456,DB05297,CC\C=C/C\C=C/C\C=C/C\C=C/C\C=C/C\C=C/CCC(=O)O[C@@H](C(=O)O[C@H]1C[C@@]2(O)[C@@H](OC(=O)C3=CC=CC=C3)[C@@]3([H])[C@@](C)([C@@H](O)C[C@@]4([H])OC[C@@]34OC(=O)C)C(=O)[C@H](OC(=O)C)C(=C1C)C2(C)C)[C@@H](NC(=O)C1=CC=CC=C1)C1=CC=CC=C1
862,NCT02341456,DB12619,COC(=O)O[C@@]12CO[C@@H]1C[C@H](O)[C@]1(C)[C@@H]2[C@H](OC(=O)C2=CC=CC=C2)[C@]2(O)C[C@H](OC(=O)[C@H](O)[C@@H](NC(=O)C3=CC=CC=C3)C3=CC=CC=C3)C(C)=C([C@@H](OC(C)=O)C1=O)C2(C)C
863,NCT02341456,DB00958,[H][N]([H])([H])[Pt]1(OC(=O)C2(CCC2)C(=O)O1)[N]([H])([H])[H]
864,NCT03803475,DB13925,[68Ga+3].C[C@@H](O)[C@H](NC(=O)[C@@H]1CSSC[C@H](NC(=O)[C@@H](CC2=CC=CC=C2)NC(=O)CN2CCN(CC([O-])=O)CCN(CC([O-])=O)CCN(CC([O-])=O)CC2)C(=O)N[C@@H](CC2=CC=C(O)C=C2)C(=O)N[C@H](CC2=CNC3=C2C=CC=C3)C(=O)N[C@@H](CCCCN)C(=O)N[C@@H]([C@@H](C)O)C(=O)N1)C(O)=O
865,NCT03803475,DB16019,[68Ga+3].OC(=O)CC[C@H](NC(=O)N[C@@H](CCCCNC(=O)CCCCCNC(=O)CCC1=CC(CN(CCN(CC([O-])=O)CC2=C(O)C=CC(CCC([O-])=O)=C2)CC([O-])=O)=C(O)C=C1)C(O)=O)C(O)=O
866,NCT03803475,DB09498,[Cl-].[Cl-].[89Sr++]
867,NCT03803475,DB15494,[68Ga+3].C[C@@H](O)[C@@H](CO)NC(=O)[C@@H]1CSSC[C@H](NC(=O)[C@@H](CC2=CC=CC=C2)NC(=O)CN2CCN(CC([O-])=O)CCN(CC([O-])=O)CCN(CC([O-])=O)CC2)C(=O)N[C@@H](CC2=CC=C(O)C=C2)C(=O)N[C@H](CC2=CNC3=C2C=CC=C3)C(=O)N[C@@H](CCCCN)C(=O)N[C@@H]([C@@H](C)O)C(=O)N1
868,NCT02015065,DB05294,COC1=C(OCC2CCN(C)CC2)C=C2N=CN=C(NC3=C(F)C=C(Br)C=C3)C2=C1
869,NCT01287598,DB08496,CC(=O)C[C@H](C1=CC=CC=C1)C1=C(O)C2=C(OC1=O)C=CC=C2
870,NCT01287598,DB08735,[H][C@@](C)(O)C[C@]([H])(C1=CC=CC=C1)C1=C(O)C2=CC=CC=C2OC1=O
871,NCT01287598,DB00736,COC1=CC2=C(NC(=N2)[S@@](=O)CC2=NC=C(C)C(OC)=C2C)C=C1
872,NCT01287598,DB00682,CC(=O)CC(C1=CC=CC=C1)C1=C(O)C2=C(OC1=O)C=CC=C2
873,NCT01287598,DB00338,COC1=CC2=C(C=C1)N=C(N2)S(=O)CC1=NC=C(C)C(OC)=C1C
874,NCT01287598,DB08736,[H][C@](C)(O)C[C@@]([H])(C1=CC=CC=C1)C1=C(O)C2=CC=CC=C2OC1=O
875,NCT01287598,DB00412,CN(CCOC1=CC=C(CC2SC(=O)NC2=O)C=C1)C1=CC=CC=N1
876,NCT01287598,DB01418,CC(=O)CC(C1=CC=C(C=C1)[N+]([O-])=O)C1=C(O)C2=CC=CC=C2OC1=O
877,NCT01287598,DB14055,CC(=O)C[C@@H](C1=CC=CC=C1)C1=C(O)C2=C(OC1=O)C=CC=C2
878,NCT01287598,DB00683,CC1=NC=C2CN=C(C3=CC=CC=C3F)C3=C(C=CC(Cl)=C3)N12
879,NCT01287598,DB08896,CNC(=O)C1=CC(OC2=CC(F)=C(NC(=O)NC3=CC=C(Cl)C(=C3)C(F)(F)F)C=C2)=CC=N1
880,NCT01553188,DB09383,[H][C@]1(C)C[C@@]2([H])[C@]3([H])CCC4=CC(=O)C=C[C@]4(C)[C@@]3([H])C(=O)C[C@]2(C)[C@@]1(O)C(=O)CO
881,NCT01553188,DB08079,COC1=CC2=NC=CC(OCC3=NN=C4C=CC(=NN34)C3=CC=CC=C3)=C2C=C1
882,NCT01553188,DB14625,C[C@H]1C[C@H]2[C@@H]3CCC4=CC(=O)C=C[C@]4(C)[C@H]3C(=O)C[C@]2(C)[C@@]1(O)C(=O)COC(C)=O
883,NCT01553188,DB00635,[H][C@@]12CC[C@](O)(C(=O)CO)[C@@]1(C)CC(=O)[C@@]1([H])[C@@]2([H])CCC2=CC(=O)C=C[C@]12C
884,NCT01553188,DB15970,[H][C@@]12CC[C@](O)(C(=O)CO)[C@@]1(C)CC(=O)[C@@]1([H])[C@@]2([H])C[C@H](Cl)C2=CC(=O)C=C[C@]12C
885,NCT01553188,DB05490,ClC1=CC=C(C(Cl)=C1)S(=O)(=O)NC1=CC(Cl)=C(OC2=CN=C3C=CC=CC3=C2)C(Cl)=C1
886,NCT01553188,DB05812,[H][C@@]12CC=C(C3=CC=CN=C3)[C@@]1(C)CC[C@@]1([H])[C@@]2([H])CC=C2C[C@@H](O)CC[C@]12C
887,NCT01553188,DB14646,[H][C@@]12CC[C@](O)(C(=O)COC(C)=O)[C@@]1(C)CC(=O)[C@@]1([H])[C@@]2([H])CCC2=CC(=O)C=C[C@]12C
888,NCT01553188,DB12952,C[C@H]1C[C@H]2[C@@H]3CC[C@](O)(C(=O)CO)[C@@]3(C)CC(=O)[C@@H]2[C@@]2(C)C=CC(=O)C=C12
889,NCT01553188,DB15639,COCCOC1=CC2=C(C=CN([C@H](C)C3=NN=C4N3C=C(C=C4F)C3=CN(C)N=C3)C2=O)N=C1
890,NCT01553188,DB06011,[H][C@](C)(CC1(C2=NNN=N2)C2=CC=C(C=C2CCC2=CC(=CC=C12)C(=O)N(C)C)C(=O)N(C)C)NCC(=O)N1CCC[C@@]1([H])C#N
891,NCT00996671,DB16106,CONC(=O)C1=CC=CC=C1NC1=CC(NC2=CC(C)=NN2C(C)C)=NC=C1Cl
892,NCT03028103,DB00912,CCOC1=C(C=CC(CC(=O)N[C@@H](CC(C)C)C2=CC=CC=C2N2CCCCC2)=C1)C(O)=O
893,NCT03028103,DB00736,COC1=CC2=C(NC(=N2)[S@@](=O)CC2=NC=C(C)C(OC)=C2C)C=C1
894,NCT03028103,DB00196,OC(CN1C=NC=N1)(CN1C=NC=N1)C1=C(F)C=C(F)C=C1
895,NCT03028103,DB12887,CCN(C1CCOCC1)C1=C(C)C(=CC(=C1)C1=CC=C(CN2CCOCC2)C=C1)C(=O)NCC1=C(C)C=C(C)NC1=O
896,NCT03028103,DB00338,COC1=CC2=C(C=C1)N=C(N2)S(=O)CC1=NC=C(C)C(OC)=C1C
897,NCT00367471,DB12633,CSCO[C@H]1C[C@H]2OC[C@@]2(OC(C)=O)[C@H]2[C@H](OC(=O)C3=CC=CC=C3)[C@]3(O)C[C@H](OC(=O)[C@H](O)[C@@H](NC(=O)C4=CC=CC=C4)C4=CC=CC=C4)C(C)=C([C@@H](OC(C)=O)C(=O)[C@]12C)C3(C)C
898,NCT00367471,DB01248,[H][C@@]1(C[C@@]2(O)[C@@H](OC(=O)C3=CC=CC=C3)[C@]3([H])[C@@]4(CO[C@@H]4C[C@H](O)[C@@]3(C)C(=O)[C@H](O)C(=C1C)C2(C)C)OC(C)=O)OC(=O)[C@H](O)[C@@H](NC(=O)OC(C)(C)C)C1=CC=CC=C1
899,NCT00367471,DB01229,[H][C@]12[C@H](OC(=O)C3=CC=CC=C3)[C@]3(O)C[C@H](OC(=O)[C@H](O)[C@@H](NC(=O)C4=CC=CC=C4)C4=CC=CC=C4)C(C)=C([C@@H](OC(C)=O)C(=O)[C@]1(C)[C@@H](O)C[C@H]1OC[C@@]21OC(C)=O)C3(C)C
900,NCT00367471,DB05297,CC\C=C/C\C=C/C\C=C/C\C=C/C\C=C/C\C=C/CCC(=O)O[C@@H](C(=O)O[C@H]1C[C@@]2(O)[C@@H](OC(=O)C3=CC=CC=C3)[C@@]3([H])[C@@](C)([C@@H](O)C[C@@]4([H])OC[C@@]34OC(=O)C)C(=O)[C@H](OC(=O)C)C(=C1C)C2(C)C)[C@@H](NC(=O)C1=CC=CC=C1)C1=CC=CC=C1
901,NCT00367471,DB01259,CS(=O)(=O)CCNCC1=CC=C(O1)C1=CC2=C(C=C1)N=CN=C2NC1=CC(Cl)=C(OCC2=CC(F)=CC=C2)C=C1
902,NCT00367471,DB12619,COC(=O)O[C@@]12CO[C@@H]1C[C@H](O)[C@]1(C)[C@@H]2[C@H](OC(=O)C2=CC=CC=C2)[C@]2(O)C[C@H](OC(=O)[C@H](O)[C@@H](NC(=O)C3=CC=CC=C3)C3=CC=CC=C3)C(C)=C([C@@H](OC(C)=O)C1=O)C2(C)C
903,NCT00367471,DB00958,[H][N]([H])([H])[Pt]1(OC(=O)C2(CCC2)C(=O)O1)[N]([H])([H])[H]
904,NCT05219656,DB00091,CC[C@@H]1NC(=O)[C@H]([C@H](O)[C@H](C)C\C=C\C)N(C)C(=O)[C@H](C(C)C)N(C)C(=O)[C@H](CC(C)C)N(C)C(=O)[C@H](CC(C)C)N(C)C(=O)[C@@H](C)NC(=O)[C@H](C)NC(=O)[C@H](CC(C)C)N(C)C(=O)[C@@H](NC(=O)[C@H](CC(C)C)N(C)C(=O)CN(C)C1=O)C(C)C
905,NCT00550485,DB01175,CN(C)CCC[C@]1(OCC2=C1C=CC(=C2)C#N)C1=CC=C(F)C=C1
906,NCT00692159,DB00642,NC1=NC(=O)C2=C(NC=C2CCC2=CC=C(C=C2)C(=O)N[C@@H](CCC(O)=O)C(O)=O)N1
907,NCT01192165,DB01248,[H][C@@]1(C[C@@]2(O)[C@@H](OC(=O)C3=CC=CC=C3)[C@]3([H])[C@@]4(CO[C@@H]4C[C@H](O)[C@@]3(C)C(=O)[C@H](O)C(=C1C)C2(C)C)OC(C)=O)OC(=O)[C@H](O)[C@@H](NC(=O)OC(C)(C)C)C1=CC=CC=C1
908,NCT01192165,DB00530,COCCOC1=CC2=C(C=C1OCCOC)C(NC1=CC(=CC=C1)C#C)=NC=N2
909,NCT01192165,DB08911,CN1C(=O)C(C)=C2N(C(=O)N(C3CC3)C(=O)C2=C1NC1=CC=C(I)C=C1F)C1=CC(NC(C)=O)=CC=C1
910,NCT01192165,DB00515,[H][N]([H])([H])[Pt](Cl)(Cl)[N]([H])([H])[H]
911,NCT01192165,DB00642,NC1=NC(=O)C2=C(NC=C2CCC2=CC=C(C=C2)C(=O)N[C@@H](CCC(O)=O)C(O)=O)N1
912,NCT01192165,DB00958,[H][N]([H])([H])[Pt]1(OC(=O)C2(CCC2)C(=O)O1)[N]([H])([H])[H]
913,NCT00902018,DB06210,CC1=NN(C(=O)\C1=N/NC1=CC=CC(C2=CC=CC(=C2)C(O)=O)=C1O)C1=CC=C(C)C(C)=C1
914,NCT01453153,DB12564,CCCCCCCC\C=C\CCCCCCCC(=O)OC[C@H]1O[C@@H](N2C=CC(N)=NC2=O)C(F)(F)[C@@H]1O
915,NCT01453153,DB15057,C[C@H](NP(=O)(OC[C@H]1O[C@@H](N2C=CC(N)=NC2=O)C(F)(F)[C@@H]1O)OC1=CC=CC=C1)C(=O)OCC1=CC=CC=C1
916,NCT01453153,DB00441,NC1=NC(=O)N(C=C1)[C@@H]1O[C@H](CO)[C@@H](O)C1(F)F
917,NCT01729728,DB06204,CC[C@H]([C@@H](C)CN(C)C)C1=CC(O)=CC=C1
918,NCT01638546,DB00853,CN1N=NC2=C(N=CN2C1=O)C(N)=O
919,NCT01638546,DB07232,C[C@@]1(CCCN1)C1=NC2=CC=CC(C(N)=O)=C2N1
920,NCT00935792,DB01590,[H][C@@]1(C[C@@H](C)[C@]2([H])CC(=O)[C@H](C)\C=C(C)\[C@@H](O)[C@@H](OC)C(=O)[C@H](C)C[C@H](C)\C=C\C=C\C=C(C)\[C@H](C[C@]3([H])CC[C@@H](C)[C@@](O)(O3)C(=O)C(=O)N3CCCC[C@@]3([H])C(=O)O2)OC)CC[C@@H](OCCO)[C@@H](C1)OC
